node,degree,degreeCentrality,closeness,betCentrality,eigenvectorCentrality,communicability,avgNeigDegree,clusCoeff
lemon_juice,4,0.00481927710843,0.439832172139,0,-2.72627179246,1.28970249944e+73,377.75,1.0
pheasant,35,0.0421686746988,0.497593264625,-5.73725026027,-1.84216728054,7.56311003707e+74,309.742857143,0.915966386555
sunflower_oil,37,0.044578313253,0.498494157681,-3.91589398527,-1.89204128908,6.01107716691e+74,265.081081081,0.701201201201
mackerel,49,0.0590361445783,0.503048001996,-4.55092090989,-1.71059521449,1.38626058613e+75,295.408163265,0.849489795918
ale,19,0.0228915662651,0.473898347262,-6.07588835016,-2.10401741269,2.26463879003e+74,317.368421053,0.959064327485
roe,9,0.010843373494,0.458636768061,-7.24417280336,-2.36554926014,6.7909245679e+73,416.555555556,0.972222222222
olive,196,0.236144578313,0.562673582614,-3.12835631625,-1.2114562218,1.38079707218e+76,207.821428571,0.588749345892
barbecue,56,0.0674698795181,0.501216516552,-3.70976203115,-1.71442182936,1.36205078267e+75,251.446428571,0.733116883117
poppy_seed,9,0.010843373494,0.475809227694,-6.80029264732,-2.42694667083,5.11847667792e+73,335.444444444,0.916666666667
fish_steak,36,0.0433734939759,0.496695621935,-5.86455693557,-1.79424187634,9.43081127032e+74,345.333333333,0.95873015873
hominy_grits,8,0.00963855421687,0.474170389941,0,-2.38274457714,6.27391228555e+73,454.125,1.0
freshwater_fish,7,0.00843373493976,0.458382252651,0,-2.41939342422,5.29953429616e+73,491.571428571,1.0
crystallized_fruit,32,0.0385542168675,0.489339347913,-4.65895190675,-1.96605047687,4.27501599922e+74,246.5,0.814516129032
corn cob,20,0.0240963855422,0.480514729073,-6.71621383469,-2.05544693269,2.83229102616e+74,351.6,0.973684210526
grape,80,0.0963855421687,0.518521543802,-3.59707212542,-1.57023072007,2.64591799264e+75,242.3375,0.660443037975
crappie,5,0.00602409638554,0.464569639638,0,-2.607546554,2.2281056176e+73,434.8,1.0
dumpling,7,0.00843373493976,0.427096597351,0,-2.60679401095,2.23589767659e+73,242.285714286,1.0
sashimi,9,0.010843373494,0.460426320667,0,-2.4262469203,5.13497139566e+73,337.333333333,1.0
mate,4,0.00481927710843,0.4417138071,0,-2.71639257897,1.34973110382e+73,393.0,1.0
couscous,28,0.033734939759,0.487031143442,-5.90053112234,-1.93110586643,5.02137200764e+74,319.357142857,0.931216931217
black_olive,160,0.192771084337,0.549570738042,-3.24305066074,-1.28890009164,9.66587072965e+75,216.3625,0.621383647799
pickle_relish,13,0.0156626506024,0.456356253744,-5.68211316623,-2.34555061625,7.44621449373e+73,251.692307692,0.910256410256
pork_belly,42,0.0506024096386,0.496994476099,-4.5116709227,-1.7777913241,1.01730574958e+75,302.5,0.842044134727
ingredient,360,0.433734939759,0.636857994817,-1.89677519282,-1.06877338686,2.663784406e+76,149.933333333,0.327112349118
jerk,20,0.0240963855422,0.483609378968,0,-2.04960428486,2.90953276031e+74,356.4,1.0
lima_bean,92,0.110843373494,0.517871360048,-3.87374358782,-1.48909916326,3.84450121871e+75,248.369565217,0.737697085523
peanut_butter,80,0.0963855421687,0.520810100427,-3.21872717944,-1.57240242114,2.61958532204e+75,245.2875,0.667405063291
kidney_bean,100,0.120481927711,0.526453039692,-3.64508778247,-1.45070284933,4.58809577726e+75,250.57,0.734747474747
quince,63,0.0759036144578,0.512409937517,-4.24460096462,-1.61287138767,2.17417163777e+75,284.063492063,0.83973374296
sorrel,28,0.033734939759,0.487894163779,-5.79195090592,-1.92985336811,5.05041213623e+74,322.0,0.92328042328
margarita,3,0.00361445783133,0.424462908159,0,-2.98234273174,3.96596951011e+72,285.0,1.0
red_snapper,126,0.151807228916,0.535323926946,-3.81292066659,-1.36074988969,6.94288326915e+75,239.587301587,0.71326984127
nectar,14,0.0168674698795,0.446006921856,-5.82221678961,-2.36919288698,6.67813788613e+73,214.5,0.758241758242
round_steak,53,0.0638554216867,0.506751422869,-5.06943061018,-1.65530032256,1.78827302569e+75,314.528301887,0.905660377358
asparagus,89,0.107228915663,0.521797106303,-4.33147294316,-1.47645501569,4.07500227207e+75,266.258426966,0.807201225741
egg_noodle,55,0.066265060241,0.503968773201,-4.57143299947,-1.70517639204,1.42129792144e+75,258.6,0.760942760943
vegetable_oil,260,0.313253012048,0.590003442341,-2.26320676562,-1.1408697485,1.91119214785e+76,180.388461538,0.459221859222
mandarin_orange,10,0.0120481927711,0.46825670027,-6.53490508132,-2.43963309629,4.82802013282e+73,286.6,0.888888888889
smoked_haddock,10,0.0120481927711,0.452109917503,0,-2.36015982277,6.96167175837e+73,333.7,1.0
prosciutto,50,0.0602409638554,0.496695621935,-4.18480453495,-1.74561391497,1.1798024762e+75,258.64,0.765714285714
wheat_germ,5,0.00602409638554,0.405301677761,0,-2.93776450227,4.86982094782e+72,161.6,1.0
trout,43,0.0518072289157,0.502741825488,-5.02459035469,-1.76908723645,1.05891598523e+75,294.023255814,0.846068660022
dip,5,0.00602409638554,0.45585254927,0,-2.72342472563,1.30672263688e+73,314.2,1.0
round,18,0.021686746988,0.479121124871,0,-2.10819279783,2.22150839323e+74,334.055555556,1.0
Pernod,52,0.0626506024096,0.498795180723,-4.59246550056,-1.72932679084,1.27169761616e+75,258.038461538,0.811463046757
pork,315,0.379518072289,0.614129977158,-2.15886132875,-1.10389320744,2.26599504523e+76,159.098412698,0.367020523708
sultana,25,0.0301204819277,0.473626616558,-4.79917202758,-2.06089281848,2.76216592098e+74,262.12,0.8
tomato_sauce,175,0.210843373494,0.555110765643,-3.13035840527,-1.26078061751,1.1002221514e+76,210.08,0.59632183908
lemon_curd,7,0.00843373493976,0.425118280637,0,-2.64596877583,1.86682329274e+73,226.285714286,1.0
tea,17,0.0204819277108,0.458382252651,-3.80004294605,-2.26705171412,1.06889578364e+74,233.117647059,0.772058823529
almond,311,0.374698795181,0.613673714173,-2.26091109519,-1.09728780535,2.33598060122e+76,164.726688103,0.39149465823
bacon,280,0.33734939759,0.597255834618,-2.51313399803,-1.12947630314,2.01415231446e+76,169.535714286,0.416922683052
sirloin_tip,37,0.044578313253,0.492842970929,-5.6378098614,-1.81033845528,8.75703583021e+74,316.783783784,0.935435435435
millet,4,0.00481927710843,0.36990811432,0,-3.38948240307,6.08243989849e+71,67.75,1.0
currant,88,0.106024096386,0.523118948244,-3.72859003143,-1.50485254,3.57546946875e+75,253.102272727,0.724137931034
marinade,8,0.00963855421687,0.457113901094,0,-2.41830474059,5.32624745855e+73,382.5,1.0
almond_extract,72,0.0867469879518,0.516899135968,-3.9979318034,-1.62562509632,2.05016375506e+75,236.819444444,0.726525821596
powdered_sugar,49,0.0590361445783,0.494910017542,-4.41473660339,-1.83390048416,7.85670498277e+74,207.775510204,0.711734693878
red_onion,355,0.427710843373,0.633439278587,-2.07680661408,-1.06146406642,2.75497823436e+76,153.574647887,0.346415214451
guava,73,0.0879518072289,0.515930555451,-3.47453250653,-1.62154033947,2.08909190385e+75,237.397260274,0.670091324201
ground_beef,178,0.214457831325,0.556607021076,-3.00907451736,-1.24071749326,1.20671958941e+76,216.43258427,0.625531644766
tarragon,177,0.213253012048,0.556232201533,-2.9270219782,-1.26604895072,1.07384960548e+76,206.310734463,0.56792501284
potato_chip,77,0.0927710843373,0.516575871968,-3.95172140653,-1.56705446888,2.68490614658e+75,251.272727273,0.737867395762
soy_sauce,210,0.253012048193,0.570051635112,-2.54764571772,-1.22867519973,1.27553344533e+76,187.461904762,0.47673729779
loaf_sugar,73,0.0879518072289,0.51884724829,-3.69973849636,-1.57737181213,2.56031806872e+75,261.01369863,0.758751902588
espresso,56,0.0674698795181,0.507685813938,-4.15602229597,-1.74875682776,1.16285165404e+75,236.0,0.720779220779
fillet,141,0.169879518072,0.541642504444,-3.49894754524,-1.33099756139,7.96242107755e+75,227.14893617,0.655521783181
chocolate_cake,6,0.00722891566265,0.407501144192,0,-2.7747977204,1.03144440499e+73,196.5,1.0
dill_weed,82,0.0987951807229,0.51884724829,-3.73787114256,-1.53427076875,3.12245594951e+75,254.109756098,0.742246311352
applesauce,22,0.0265060240964,0.480235360045,-6.17012481808,-2.06463789037,2.71495469438e+74,284.090909091,0.926406926407
lemon_balm,14,0.0168674698795,0.477183604435,-6.92685565727,-2.22584791472,1.29222427563e+74,335.5,0.967032967033
Pepsi,12,0.0144578313253,0.473355197293,0,-2.25890444979,1.10974160005e+74,377.166666667,1.0
galangal,24,0.0289156626506,0.471194991031,-6.17796413609,-2.08590110293,2.46171091351e+74,238.5,0.945652173913
cranberry_sauce,9,0.010843373494,0.445766227349,-6.38122238252,-2.50786908059,3.52614479532e+73,245.888888889,0.805555555556
celery_salt,28,0.033734939759,0.486744148071,-5.42144047837,-2.00366145732,3.59512041727e+74,265.071428571,0.859788359788
celery_seed,56,0.0674698795181,0.50551090531,-3.92757310834,-1.71202418789,1.37717220304e+75,255.107142857,0.701298701299
grapefruit_juice,41,0.0493975903614,0.498795180723,-5.05795180571,-1.80947464011,8.79199439676e+74,279.829268293,0.825609756098
toast,7,0.00843373493976,0.427317547479,0,-2.5620140452,2.74795862548e+73,271.428571429,1.0
plain_flour,52,0.0626506024096,0.50862365719,-3.67596522023,-1.76434074579,1.08232026651e+75,243.923076923,0.693061840121
yautia,35,0.0421686746988,0.480514729073,-5.24730755016,-1.85794752788,7.03297841847e+74,296.942857143,0.894117647059
yellow_bean,19,0.0228915662651,0.481635463135,-6.98972044175,-2.04318469532,2.99681565489e+74,395.473684211,0.982456140351
honeydew_melon,39,0.0469879518072,0.494613664238,-4.12854058688,-1.89173301559,6.01964682271e+74,244.820512821,0.678812415655
herb,76,0.0915662650602,0.513684589103,-4.4937374648,-1.53786219552,3.07123380458e+75,272.828947368,0.824561403509
corn_flake,11,0.0132530120482,0.450630015972,-6.28277624386,-2.41607334166,5.38136742637e+73,252.272727273,0.909090909091
semolina,61,0.0734939759036,0.510825491204,-4.1825660729,-1.64858365828,1.84446431076e+75,265.475409836,0.814754098361
punch,4,0.00481927710843,0.411972478442,0,-2.89994191531,5.79634602341e+72,235.25,1.0
dandelion_green,7,0.00843373493976,0.436577600041,0,-2.61885291529,2.11510782531e+73,247.285714286,1.0
water,65,0.078313253012,0.508937042068,-3.18619701687,-1.7195273358,1.33041210754e+75,205.076923077,0.604326923077
pumpernickel,10,0.0120481927711,0.422725086631,-5.16650652611,-2.62003219799,2.10366870976e+73,160.7,0.711111111111
chicken leg,80,0.0963855421687,0.515608501421,-4.54276142737,-1.50253502617,3.61382083239e+75,283.275,0.855379746835
Dubonnet,2,0.00240963855422,0.38598356041,0,-3.25994373465,1.1044625621e+72,199.5,1.0
mozzarella,113,0.136144578313,0.530510481231,-3.77738609933,-1.39678257891,5.88130330869e+75,248.477876106,0.734987357775
vinegar,327,0.393975903614,0.620123738196,-2.22667324271,-1.0796171413,2.53402833951e+76,161.033639144,0.378435676629
granulated_sugar,117,0.140963855422,0.534285135367,-2.96083366781,-1.45891871711,4.41777482926e+75,205.735042735,0.588859416446
stem_ginger,14,0.0168674698795,0.458128019566,-5.73228627793,-2.41892415551,5.31119241308e+73,202.428571429,0.824175824176
beef_tongue,49,0.0590361445783,0.50060898138,-4.64577366906,-1.69437426224,1.4937765209e+75,310.979591837,0.893707482993
fruit_juice,27,0.0325301204819,0.491084910391,-5.59682417253,-2.00445333694,3.58203635588e+74,275.37037037,0.874643874644
lasagne,39,0.0469879518072,0.498494157681,-5.60798120123,-1.77419350909,1.03429983664e+75,330.179487179,0.958164642375
oca,3,0.00361445783133,0.426215077026,0,-2.8452536732,7.45633613586e+72,386.0,1.0
cinnamon,419,0.504819277108,0.667209062421,-1.62495912937,-1.04540052898,2.96650845046e+76,134.591885442,0.266903426934
peanut,205,0.246987951807,0.56770090672,-2.72185332424,-1.2103261665,1.38800144116e+76,199.819512195,0.540841702535
popcorn,3,0.00361445783133,0.41549538193,0,-2.89010184492,6.06503243701e+72,331.333333333,1.0
mussel,98,0.118072289157,0.522126940125,-3.64884037931,-1.47499468242,4.10250462714e+75,240.806122449,0.707342730907
green_olive,245,0.295180722892,0.583336736778,-2.69232584309,-1.15656651012,1.77791427116e+76,184.506122449,0.483138173302
guacamole,43,0.0518072289157,0.489919821635,-5.15115241107,-1.78679670538,9.7598482798e+74,277.372093023,0.873754152824
frog_legs,5,0.00602409638554,0.427538726334,0,-2.69375340702,1.49806597974e+73,289.2,1.0
radish,217,0.261445783133,0.572025498114,-2.88018607376,-1.18427423334,1.56492733162e+76,198.465437788,0.545997610514
Marsala,18,0.021686746988,0.470389988199,-6.15953843767,-2.14320102334,1.89074439396e+74,299.944444444,0.941176470588
egg_yolk,238,0.286746987952,0.582513976923,-2.26810578551,-1.19887883605,1.46313606531e+76,176.991596639,0.430202460731
seasoning,68,0.0819277108434,0.51019445292,-4.3584772138,-1.60364805925,2.26851229692e+75,263.102941176,0.777436347673
duck,128,0.15421686747,0.535671089025,-3.23345461492,-1.37119073128,6.61695311872e+75,230.5,0.645546259843
pork_tenderloin,88,0.106024096386,0.523450455816,-3.84476254349,-1.48957921295,3.83600526111e+75,263.965909091,0.765935214211
broccoli_rabe,21,0.0253012048193,0.471463937944,-5.82877347948,-2.04943885836,2.91175549336e+74,330.333333333,0.904761904762
lime,523,0.630120481928,0.729042205893,-1.28416467788,-1.0016729194,3.62829454996e+76,116.695984704,0.202164055002
onion_salt,16,0.0192771084337,0.472002753873,-6.95516585965,-2.13119247508,1.9982290738e+74,377.9375,0.983333333333
hamburger_bun,27,0.0325301204819,0.476632902064,-5.52021842026,-1.97144564295,4.17007116309e+74,297.296296296,0.897435897436
rutabaga,3,0.00361445783133,0.446006921856,0,-2.80355973118,9.03456597294e+72,457.0,1.0
sake,9,0.010843373494,0.448671819271,0,-2.50496997924,3.57351488642e+73,262.111111111,1.0
dried_apricot,106,0.127710843373,0.530851426271,-3.62338829849,-1.45230750791,4.5543256447e+75,235.688679245,0.677268643306
flank_steak,101,0.121686746988,0.525448358319,-3.78490154071,-1.43759810112,4.87351083535e+75,255.03960396,0.76198019802
Savoy_cabbage,21,0.0253012048193,0.478565943961,-5.58289884838,-2.0478129406,2.93363891424e+74,335.19047619,0.919047619048
chervil,74,0.089156626506,0.515608501421,-3.77706986518,-1.60594924791,2.24460683745e+75,236.72972973,0.694187338023
chestnut,56,0.0674698795181,0.509564971793,-4.08235303091,-1.70363052858,1.4314519355e+75,256.857142857,0.755844155844
chicken_soup,7,0.00843373493976,0.450875993055,0,-2.65207718302,1.81502295984e+73,242.142857143,1.0
sushi,29,0.0349397590361,0.486744148071,0,-1.92534112513,5.1564620525e+74,314.931034483,1.0
bottled_water,2,0.00240963855422,0.361016092341,0,-3.38440426648,6.22641195131e+71,136.5,1.0
tangerine,60,0.0722891566265,0.507998043836,-4.0174011412,-1.70880001518,1.39777886944e+75,233.2,0.653672316384
corn_oil,176,0.212048192771,0.556232201533,-3.12832199081,-1.24497762424,1.18327608225e+76,217.710227273,0.621038961039
red_currant,15,0.0180722891566,0.469054411855,-5.16930412713,-2.27716393954,1.0202576128e+74,258.666666667,0.847619047619
king_salmon,12,0.0144578313253,0.476083469324,-7.46602155298,-2.24649821123,1.17498952335e+74,388.083333333,0.984848484848
pecan,240,0.289156626506,0.582103466721,-2.2680048265,-1.19798856575,1.46914815899e+76,175.420833333,0.429323570432
stick,396,0.477108433735,0.655039507753,-1.94131399536,-1.03840544252,3.06362764215e+76,144.20959596,0.306252397392
rabbit,87,0.104819277108,0.51884724829,-4.27154962956,-1.48828526036,3.85893027297e+75,266.597701149,0.790697674419
Brussels_sprouts,13,0.0156626506024,0.463787096731,-5.89534297974,-2.34577226788,7.43864172446e+73,250.0,0.871794871795
gherkin,26,0.0313253012048,0.479956315675,-5.93941481169,-1.97214372613,4.15668174654e+74,309.076923077,0.938461538462
spearmint,57,0.0686746987952,0.50862365719,-4.06626652663,-1.66523539715,1.7083005307e+75,284.842105263,0.771303258145
sweet_pickle,25,0.0301204819277,0.47254280279,-4.7843281107,-2.06082727093,2.76301758121e+74,246.44,0.82
suckling_pig,28,0.033734939759,0.48645749074,-7.67648171366,-1.89163621528,6.02226049004e+74,358.392857143,0.997354497354
Armagnac,22,0.0265060240964,0.464569639638,-4.40897683459,-2.18657867853,1.54839866771e+74,207.772727273,0.744588744589
edible,27,0.0325301204819,0.489919821635,-4.89048100596,-1.96441184559,4.30735410185e+74,308.333333333,0.868945868946
salad,35,0.0421686746988,0.489919821635,-5.83450589642,-1.85008814898,7.29220118643e+74,304.314285714,0.959663865546
pollack,12,0.0144578313253,0.472813290943,0,-2.3082784224,8.84049785272e+73,323.833333333,1.0
malt,25,0.0301204819277,0.483892688504,-6.27170154703,-1.96803712828,4.23603646073e+74,329.64,0.956666666667
tapioca,8,0.00963855421687,0.437966500147,0,-2.50025363127,3.65200558547e+73,286.0,1.0
soup,22,0.0265060240964,0.476358027265,-4.47673862533,-2.11014686599,2.20161208341e+74,269.545454545,0.78354978355
sour,37,0.044578313253,0.50060898138,-4.89792894157,-1.82734094226,8.09752090762e+74,311.243243243,0.852852852853
chocolate_bar,3,0.00361445783133,0.418018633237,0,-2.88005317136,6.35228340781e+72,336.333333333,1.0
cake_mix,6,0.00722891566265,0.407501144192,0,-2.7747977204,1.03144440499e+73,196.5,1.0
pickle,8,0.00963855421687,0.442186734088,0,-2.53553977928,3.10423452215e+73,278.625,1.0
hot_sauce,112,0.134939759036,0.529490268767,-3.44098544419,-1.41329845285,5.45057359728e+75,241.044642857,0.705759330759
heart,91,0.109638554217,0.523450455816,-4.15069777874,-1.47471685766,4.1077520252e+75,262.087912088,0.781929181929
vodka,45,0.0542168674699,0.498494157681,-3.3383481223,-1.85989759679,6.97015330062e+74,226.555555556,0.59595959596
pot_roast,30,0.0361445783133,0.487894163779,-5.59260072089,-1.91299577329,5.4581228855e+74,307.433333333,0.914942528736
evaporated_milk,157,0.189156626506,0.549570738042,-2.77076787104,-1.33763557033,7.72271346545e+75,200.191082803,0.538706516414
light_beer,29,0.0349397590361,0.493431791683,-5.0347346878,-1.9814322296,3.98265670872e+74,263.275862069,0.820197044335
dripping,16,0.0192771084337,0.475809227694,0,-2.18718653606,1.54404456191e+74,321.4375,1.0
tomato_ketchup,168,0.202409638554,0.552881405139,-2.86269690002,-1.2923841326,9.51202888388e+75,204.946428571,0.561020815512
honey,286,0.344578313253,0.602044328919,-2.05266190741,-1.13636291074,1.95127481213e+76,165.818181818,0.389939884677
pattypan_squash,7,0.00843373493976,0.458128019566,0,-2.56083997002,2.76279857516e+73,342.714285714,1.0
carrot,398,0.479518072289,0.656080078854,-1.99183674278,-1.03801954609,3.06907993308e+76,142.77638191,0.302165740541
chorizo,163,0.196385542169,0.550669879518,-3.06947680529,-1.27520825972,1.02949562365e+76,219.134969325,0.637052185109
salad_green,28,0.033734939759,0.494022021099,-5.37665633351,-1.94523676511,4.70501380957e+74,311.142857143,0.865079365079
T-bone_steaks,11,0.0132530120482,0.465617147281,0,-2.29179429836,9.53765815395e+73,379.636363636,1.0
lamb,131,0.157831325301,0.538815929078,-3.3822507734,-1.34017771085,7.63280249458e+75,240.473282443,0.718496770405
heavy_cream,340,0.409638554217,0.627186650932,-1.93076201237,-1.09423913021,2.36900980448e+76,151.420588235,0.330487593267
suet,13,0.0156626506024,0.46430849875,-6.38379472988,-2.28964887688,9.63241027393e+73,309.923076923,0.961538461538
acorn_squash,38,0.0457831325301,0.492549087225,-5.46414890547,-1.79669182521,9.3250330601e+74,317.921052632,0.938833570413
rhubarb,16,0.0192771084337,0.460683111699,-4.21148876834,-2.37028508291,6.64459404336e+73,201.3125,0.716666666667
rye,9,0.010843373494,0.42207706657,-3.95014444075,-2.69100093389,1.51718884014e+73,157.111111111,0.611111111111
wine_vinegar,162,0.195180722892,0.548112023409,-2.96365421907,-1.28517185749,9.83325536093e+75,216.061728395,0.614293382409
whole_wheat_flour,42,0.0506024096386,0.500305765764,-3.75762216273,-1.84231665444,7.55795292208e+74,251.976190476,0.72706155633
quesadilla,16,0.0192771084337,0.483609378968,0,-2.12265059624,2.07840379165e+74,383.5625,1.0
Triple_Sec,78,0.0939759036145,0.517546879246,-3.06320328683,-1.64334212646,1.88953556063e+75,210.0,0.591075591076
tortilla_chip,95,0.114457831325,0.520481927711,-4.13992820821,-1.4639641532,4.31628647449e+75,254.031578947,0.762374020157
herbal_tea,0,0.0,0.0,0,0,1.0,0.0,0.0
leaf_lettuce,50,0.0602409638554,0.50706250416,-4.22641193553,-1.75077606449,1.1520885389e+75,255.4,0.754285714286
Jell-o,7,0.00843373493976,0.456861072609,-7.19648243277,-2.53689868223,3.08487893194e+73,313.285714286,0.904761904762
refried_beans,94,0.113253012048,0.524114733044,-4.13182602267,-1.46607442263,4.27454249456e+75,256.468085106,0.774651109586
pizza,8,0.00963855421687,0.425337188093,0,-2.55405372937,2.85057385088e+73,234.5,1.0
Spanish_mackerel,11,0.0132530120482,0.456608523647,0,-2.30048801276,9.16336252816e+73,361.545454545,1.0
sprinkle,13,0.0156626506024,0.467461697384,-5.94773831767,-2.31082029906,8.73767736447e+73,281.615384615,0.897435897436
sandwich,11,0.0132530120482,0.454848468765,-5.93622004074,-2.42084363737,5.26438324201e+73,261.0,0.945454545455
kohlrabi,13,0.0156626506024,0.462747797914,0,-2.24045081313,1.20817644588e+74,342.615384615,1.0
dry_mustard,119,0.143373493976,0.534285135367,-3.68604372888,-1.3947957672,5.93537578185e+75,234.18487395,0.680529839054
cardamom,38,0.0457831325301,0.496397126969,-4.16837134168,-1.87545245449,6.48832152486e+74,260.552631579,0.769559032717
king_crab,12,0.0144578313253,0.472272623943,0,-2.29526851663,9.38630397216e+73,342.916666667,1.0
crab_legs,12,0.0144578313253,0.472272623943,0,-2.29526851663,9.38630397216e+73,342.916666667,1.0
taco,71,0.0855421686747,0.505820464958,-4.03978832364,-1.61554811,2.1475445531e+75,242.23943662,0.710261569416
date,35,0.0421686746988,0.492549087225,-4.84468622681,-1.90996435952,5.53491460032e+74,248.114285714,0.788235294118
salsa,160,0.192771084337,0.54884041148,-3.32863799337,-1.28506104286,9.83828046178e+75,217.55625,0.63215408805
cabbage,216,0.260240963855,0.571234314853,-2.69596097225,-1.20702681342,1.40925461254e+76,188.412037037,0.49879414298
snow_pea,57,0.0686746987952,0.496695621935,-3.68083835216,-1.74619184673,1.17667303756e+75,220.403508772,0.665413533835
pork_sausage,24,0.0289156626506,0.476358027265,-4.49228585344,-2.11379014509,2.16499348379e+74,237.791666667,0.742753623188
tomato,525,0.632530120482,0.729042205893,-1.47300334018,-0.998550568889,3.68084985819e+76,115.834285714,0.200821519447
golden_syrup,21,0.0253012048193,0.457367009567,-4.51652826206,-2.24221080132,1.19844882807e+74,192.714285714,0.728571428571
neck,23,0.0277108433735,0.479121124871,-5.21015617051,-2.02037060293,3.32882615532e+74,326.217391304,0.901185770751
stone_crab,27,0.0325301204819,0.483043753963,-5.36125616678,-1.98520015114,3.91411864988e+74,292.666666667,0.903133903134
croissant,19,0.0228915662651,0.477459433108,0,-2.08566090967,2.46440815384e+74,324.947368421,1.0
pound_cake,7,0.00843373493976,0.41717415115,0,-2.68803129695,1.53808452039e+73,205.428571429,1.0
beefsteak tomato,3,0.00361445783133,0.451122238819,0,-2.79450976236,9.41903915223e+72,482.333333333,1.0
cherry pepper,7,0.00843373493976,0.437734403432,0,-2.57269151164,2.61610806323e+73,267.571428571,1.0
mango,176,0.212048192771,0.556607021076,-2.59362422059,-1.288388672,9.6886695938e+75,198.585227273,0.51987012987
green,299,0.360240963855,0.606910227243,-2.34509979479,-1.10788852025,2.22468254239e+76,166.314381271,0.401494915939
onion_roll,11,0.0132530120482,0.437270947209,-6.65862874486,-2.40934093528,5.55084864033e+73,233.909090909,0.909090909091
halibut,64,0.0771084337349,0.510825491204,-4.51367132726,-1.61179880609,2.18493437885e+75,282.625,0.822916666667
sambuca,29,0.0349397590361,0.481074443376,-4.87478969291,-2.06666924892,2.68969223553e+74,210.034482759,0.751231527094
coconut_oil,2,0.00240963855422,0.400778660494,0,-3.12244263065,2.08042650018e+72,285.0,1.0
egg,334,0.402409638554,0.624342267027,-1.97101528965,-1.08905840742,2.4262076549e+76,156.356287425,0.352304400209
turmeric,66,0.0795180722892,0.510509777056,-3.90383104775,-1.62147169556,2.08974249665e+75,266.681818182,0.744522144522
peanut_oil,211,0.25421686747,0.569658496053,-2.93025019588,-1.19093160672,1.51767672319e+76,201.81042654,0.556623786956
hake,4,0.00481927710843,0.407501144192,0,-2.80999576989,8.77096121154e+72,262.5,1.0
chocolate_ice_cream,4,0.00481927710843,0.390177052091,0,-2.9440887201,4.73006452273e+72,178.0,1.0
white_chocolate,42,0.0506024096386,0.50060898138,-4.86682681137,-1.8452300605,7.45723128715e+74,252.785714286,0.830429732869
Boston_lettuce,42,0.0506024096386,0.493431791683,-3.85462921287,-1.82733648751,8.09773137903e+74,261.095238095,0.779326364692
lamb's_lettuce,11,0.0132530120482,0.458382252651,0,-2.50204121416,3.62208228079e+73,206.090909091,1.0
orange_juice,243,0.292771084337,0.582925066533,-2.62055983723,-1.15773293249,1.76838699116e+76,187.835390947,0.489405842941
kingfish,15,0.0180722891566,0.480514729073,0,-2.11944553524,2.10929422399e+74,427.0,1.0
scrod,18,0.021686746988,0.465879762706,-6.78228164331,-2.1275467328,2.03207933733e+74,313.555555556,0.97385620915
blood_sausage,29,0.0349397590361,0.491377048945,-4.54119605977,-1.9865937629,3.88909110995e+74,268.620689655,0.795566502463
cherry tomato,133,0.160240963855,0.538464680102,-3.59997540293,-1.34990318931,7.29850494011e+75,230.443609023,0.677830940989
dough,6,0.00722891566265,0.459146647736,0,-2.5883830747,2.43367389813e+73,366.333333333,1.0
artichoke,65,0.078313253012,0.50862365719,-3.52105372458,-1.63285075754,1.98305916824e+75,259.461538462,0.767307692308
redfish,6,0.00722891566265,0.460940189329,0,-2.51171016163,3.46423457954e+73,442.166666667,1.0
iceberg_lettuce,99,0.119277108434,0.524114733044,-3.95842692975,-1.45805192918,4.43542275293e+75,246.121212121,0.733663162235
cola,48,0.0578313253012,0.506751422869,-5.07989462436,-1.70555461825,1.41881340655e+75,313.895833333,0.896276595745
seasoned_salt,31,0.0373493975904,0.486744148071,-5.92831743948,-1.88316986804,6.2617263753e+74,323.516129032,0.948387096774
marshmallow,8,0.00963855421687,0.431334109283,-6.17369846631,-2.60007496643,2.30615511934e+73,229.0,0.821428571429
cashew_nut,62,0.0746987951807,0.50706250416,-3.89887218906,-1.65213029551,1.8145809797e+75,262.983870968,0.753040719196
avocado,342,0.412048192771,0.627663236533,-2.17639529791,-1.07434327536,2.59632782644e+76,155.225146199,0.353398158152
chutney,13,0.0156626506024,0.466669389422,-5.65071846486,-2.34175630841,7.57749286948e+73,255.769230769,0.782051282051
dry_vermouth,12,0.0144578313253,0.461971375435,-5.24150872117,-2.37862157283,6.39430024749e+73,257.916666667,0.833333333333
tomato_juice,108,0.130120481928,0.530169973862,-4.06171840476,-1.40393115104,5.69083777828e+75,256.537037037,0.776912426445
sugar_snap_pea,5,0.00602409638554,0.432463256166,0,-2.70151374814,1.44546801263e+73,292.8,1.0
fig,99,0.119277108434,0.52712496444,-3.50843400322,-1.49784449867,3.69275189298e+75,226.616161616,0.629973201402
orange,411,0.495180722892,0.662393600062,-1.66920627388,-1.04460754541,2.97735950386e+76,137.844282238,0.279093228888
steak_sauce,6,0.00722891566265,0.412796011633,0,-2.67667378564,1.62067123594e+73,226.166666667,1.0
sauce,139,0.167469879518,0.538815929078,-3.16935961547,-1.35692918143,7.06614089894e+75,215.964028777,0.602961109373
Jack,210,0.253012048193,0.568482325724,-2.86466711536,-1.18899755863,1.53125477104e+76,202.995238095,0.570653907496
coffee,111,0.133734939759,0.531876895864,-3.15158521952,-1.45117780311,4.57807275327e+75,228.477477477,0.636363636364
soda_cracker,26,0.0313253012048,0.488182517303,-5.87907357877,-1.96376010784,4.32030052221e+74,322.576923077,0.907692307692
anisette,36,0.0433734939759,0.487606150695,-4.72611843312,-1.93862594557,4.85051066696e+74,232.555555556,0.807936507937
flour,397,0.478313253012,0.655559380379,-1.58890675985,-1.05351319934,2.85772075907e+76,140.20906801,0.287598911025
swordfish,63,0.0759036144578,0.509250813364,-5.15252733179,-1.59374457059,2.3743616339e+75,296.095238095,0.905273937532
wasabi,21,0.0253012048193,0.467991399024,-5.31329462628,-2.14280428754,1.89422345508e+74,236.238095238,0.880952380952
bean_sprout,21,0.0253012048193,0.474715413378,-4.30242998062,-2.25925225961,1.10798963524e+74,187.095238095,0.72380952381
bread,196,0.236144578313,0.564982776523,-2.99596433887,-1.21935818785,1.33145214527e+76,205.744897959,0.562271062271
juniper_berry,88,0.106024096386,0.51884724829,-3.25991439824,-1.5616340418,2.75277190666e+75,223.988636364,0.60710553814
sunflower_seed,26,0.0313253012048,0.484744612252,-5.45251752078,-2.00607190968,3.55542893491e+74,287.807692308,0.843076923077
granadilla,0,0.0,0.0,0,0,1.0,0.0,0.0
thyme,392,0.472289156627,0.651937505349,-1.9312645742,-1.04467241519,2.97647601522e+76,142.849489796,0.302429667519
sweet_pepper,345,0.415662650602,0.628140546979,-2.15573478442,-1.07292379691,2.61335563188e+76,154.243478261,0.350387596899
cider,99,0.119277108434,0.52712496444,-3.54633085956,-1.46566046384,4.2827002317e+75,246.181818182,0.708101422387
chuck,46,0.055421686747,0.500912564753,-4.43089900788,-1.71667828757,1.34796193247e+75,315.804347826,0.885024154589
aniseed,234,0.281927710843,0.580467195557,-2.58371366593,-1.18399791727,1.56692142068e+76,184.538461538,0.470048787645
cooky,35,0.0421686746988,0.480235360045,-4.03794091766,-1.99091394352,3.81252977787e+74,206.142857143,0.705882352941
filling,25,0.0301204819277,0.488471211873,-6.13565635321,-1.95252136079,4.54976952195e+74,349.88,0.963333333333
mead,9,0.010843373494,0.467461697384,-6.04350498682,-2.48988551607,3.83056861895e+73,285.222222222,0.75
roast,59,0.0710843373494,0.510825491204,-4.6004304922,-1.6583554289,1.76330043446e+75,271.830508475,0.807714786674
beef_stock,219,0.263855421687,0.572421912181,-2.61577009238,-1.20706982085,1.40897539508e+76,186.328767123,0.484143940346
stock,218,0.26265060241,0.572025498114,-2.73825696049,-1.19945666033,1.45925003746e+76,190.050458716,0.503276539974
rosemary,195,0.234939759036,0.564210942129,-2.89882292951,-1.23768241483,1.22370696485e+76,197.876923077,0.527835051546
cornbread,23,0.0277108433735,0.483043753963,-4.47159435259,-2.02183619359,3.30643240056e+74,326.173913043,0.822134387352
allspice,270,0.325301204819,0.595104336655,-2.58819522641,-1.13016520085,2.0077685772e+76,178.037037037,0.447225664326
pine_nut,203,0.244578313253,0.567311002251,-2.87427760929,-1.22079798343,1.32265371444e+76,197.955665025,0.529532263571
Buffalo_wing,10,0.0120481927711,0.46825670027,0,-2.36060703894,6.94728522518e+73,375.7,1.0
adobo,291,0.350602409639,0.603363637164,-2.44082549519,-1.11490083046,2.15398842574e+76,168.58419244,0.410925465103
hot_chocolate,191,0.230120481928,0.563057136522,-2.74798686779,-1.2556783416,1.12637906591e+76,196.884816754,0.523284651419
Cognac,74,0.089156626506,0.51884724829,-3.68037812924,-1.58554527515,2.4657408046e+75,253.202702703,0.720473898556
escarole,59,0.0710843373494,0.506440723039,-3.87518597865,-1.68868199604,1.5334613554e+75,253.101694915,0.722969023963
grain alcohol,6,0.00722891566265,0.432463256166,0,-2.61839933903,2.11951405705e+73,306.333333333,1.0
sweet_potato,154,0.185542168675,0.547385566121,-3.11886302451,-1.3100903692,8.76717154648e+75,218.435064935,0.600882777353
lentil,98,0.118072289157,0.525114316133,-3.83210005776,-1.46031538222,4.38942179132e+75,250.43877551,0.724805386072
lemongrass,67,0.0807228915663,0.507998043836,-3.80042320716,-1.64507737135,1.87448975091e+75,243.656716418,0.708276797829
bay_scallop,46,0.055421686747,0.505201724329,-5.19015465265,-1.72951184091,1.27060786207e+75,304.043478261,0.893719806763
alcohol,9,0.010843373494,0.425118280637,-5.514955043,-2.62577244665,2.04879287526e+73,183.555555556,0.75
garlic_salt,77,0.0927710843373,0.512409937517,-4.11746916668,-1.56335074215,2.73109397857e+75,251.532467532,0.753246753247
white_rice,94,0.113253012048,0.524447504303,-4.39171777589,-1.45162901062,4.56856721649e+75,267.29787234,0.8075955159
amaranth,30,0.0361445783133,0.489919821635,-4.76435565653,-1.9831238475,3.9517666531e+74,246.833333333,0.788505747126
granola,20,0.0240963855422,0.474988395214,-5.15987621004,-2.19322142016,1.50174694713e+74,235.85,0.857894736842
barley,9,0.010843373494,0.431559466707,-3.84313204733,-2.64624500582,1.86443962442e+73,183.333333333,0.638888888889
carrot_juice,38,0.0457831325301,0.499096567539,-4.77295066144,-1.83683665272,7.75106847972e+74,292.157894737,0.839260312945
self-rising_flour,9,0.010843373494,0.416963563492,0,-2.78218023781,9.96971910093e+72,127.444444444,1.0
monkfish,33,0.0397590361446,0.488182517303,-5.35225672651,-1.89961007461,5.80515913921e+74,293.757575758,0.890151515152
coffee_liqueur,16,0.0192771084337,0.448915662651,-6.32708131258,-2.29047183063,9.5961637808e+73,228.6875,0.941666666667
cocoa_powder,98,0.118072289157,0.526453039692,-3.28286390962,-1.52235904745,3.2985379806e+75,217.244897959,0.654113191668
greengage_plum,7,0.00843373493976,0.464569639638,0,-2.48870829226,3.8513550124e+73,390.857142857,1.0
rainbow_trout,16,0.0192771084337,0.480514729073,-6.22146425642,-2.16861507051,1.68191249523e+74,327.6875,0.933333333333
sesame_oil,75,0.0903614457831,0.511141596087,-3.68833924048,-1.62336726665,2.07159640074e+75,222.146666667,0.654414414414
mustard_greens,221,0.266265060241,0.573216390893,-2.72322527388,-1.19177405528,1.5118019477e+76,191.022624434,0.507774578363
carp,4,0.00481927710843,0.454598139393,0,-2.67783912642,1.61193668272e+73,466.75,1.0
stew_meat,24,0.0289156626506,0.474170389941,-6.27659463184,-1.99797752664,3.69043603904e+74,325.375,0.967391304348
Worcestershire_sauce,232,0.279518072289,0.578434747393,-2.51622667147,-1.17348394918,1.64465609465e+76,189.801724138,0.50052246604
salami,6,0.00722891566265,0.406698581623,0,-2.88355304419,6.25085190084e+72,141.666666667,1.0
cherimoya,5,0.00602409638554,0.465354827762,0,-2.58423648145,2.48058748593e+73,465.6,1.0
leg_of_lamb,56,0.0674698795181,0.502741825488,-4.35264982207,-1.67104017321,1.66324120003e+75,283.071428571,0.788961038961
shrimp,291,0.350602409639,0.603804692454,-2.27792525763,-1.11926194309,2.11115840501e+76,167.41580756,0.406469960896
red_cabbage,109,0.131325301205,0.53221960005,-3.65018666365,-1.42140769843,5.25077461888e+75,244.623853211,0.704043493034
chilli,171,0.206024096386,0.553993842574,-3.1892299559,-1.26009765167,1.10368732055e+76,216.076023392,0.61568627451
tortilla,119,0.143373493976,0.531534632739,-3.94831584231,-1.37430889021,6.52261726866e+75,243.890756303,0.746332431278
Vidalia_onions,5,0.00602409638554,0.45038430713,0,-2.68690478477,1.5460360119e+73,354.4,1.0
spinach,195,0.234939759036,0.562673582614,-2.89177414404,-1.23557673255,1.23563054171e+76,198.497435897,0.534760771874
raisin,284,0.342168674699,0.60116799074,-2.43706341126,-1.11510787737,2.1519325555e+76,174.098591549,0.432961727965
rack,6,0.00722891566265,0.45161553815,0,-2.59655357828,2.3438332087e+73,331.833333333,1.0
pepperoni,5,0.00602409638554,0.436346972677,0,-2.65982418834,1.75139772104e+73,336.0,1.0
cucumber,196,0.236144578313,0.563441213695,-2.79314338919,-1.24336805287,1.19208222552e+76,193.719387755,0.515332286761
cheddar_cheese,198,0.238554216867,0.563441213695,-2.7109164772,-1.22443083476,1.30071002671e+76,199.555555556,0.549505204328
sour_cream,291,0.350602409639,0.60468874032,-2.25146642676,-1.11160706794,2.1869056641e+76,171.546391753,0.419860173006
miso,3,0.00361445783133,0.420786968557,0,-2.87112621487,6.61884815794e+72,336.666666667,1.0
cheese,380,0.457831325301,0.646326149669,-1.85911764868,-1.05789668968,2.80061362519e+76,144.092105263,0.305860297181
bonito,14,0.0168674698795,0.453350614312,0,-2.33956220665,7.6544888536e+73,224.714285714,1.0
cocoa_butter,7,0.00843373493976,0.4417138071,0,-2.57117577373,2.63441910335e+73,290.714285714,1.0
tostada,43,0.0518072289157,0.496098990557,-5.15511698262,-1.77700452338,1.02100331222e+75,286.069767442,0.866002214839
lettuce,220,0.265060240964,0.573216390893,-2.89479950556,-1.17967022626,1.59846298105e+76,196.404545455,0.543918638439
clarified_butter,44,0.0530120481928,0.504276446445,-3.91194091452,-1.7528326316,1.14121991329e+75,304.522727273,0.865750528541
butternut_squash,44,0.0530120481928,0.501216516552,-5.12384099495,-1.75405409158,1.13481907677e+75,302.454545455,0.85200845666
black_tea,1,0.00120481927711,0.375627475797,0,-3.39379419564,5.96280308216e+71,286.0,0.0
tamarind,99,0.119277108434,0.528473972666,-3.39736361225,-1.48441537897,3.92832641547e+75,236.737373737,0.647701504844
alfalfa_sprout,27,0.0325301204819,0.478012048193,-4.71727315819,-2.02621974066,3.24038529691e+74,256.592592593,0.77207977208
marrow,46,0.055421686747,0.503048001996,-4.78057934879,-1.73152666364,1.25886964472e+75,307.326086957,0.871497584541
rack_of_lamb,26,0.0313253012048,0.482197792923,-5.35674729558,-1.97231959093,4.15331206216e+74,314.0,0.883076923077
Dungeness_crabs,33,0.0397590361446,0.496994476099,-5.65062532516,-1.84776835273,7.37048606342e+74,336.787878788,0.918560606061
Jerusalem_artichokes,17,0.0204819277108,0.478288835713,-5.81675146103,-2.17852910004,1.60685988567e+74,291.294117647,0.845588235294
ice_cream,40,0.0481927710843,0.490501674155,-3.94698163393,-1.92953822354,5.05782534341e+74,210.6,0.75
taro_root,36,0.0433734939759,0.487031143442,-4.8612904131,-1.87926380341,6.37539135306e+74,281.277777778,0.8
graham_cracker,50,0.0602409638554,0.504584495588,-3.63482633912,-1.7904876664,9.59542963639e+74,233.04,0.783673469388
salad_dressing,23,0.0277108433735,0.478565943961,-4.96741345964,-2.04767291534,2.93554429952e+74,296.913043478,0.853754940711
gooseberry,6,0.00722891566265,0.459402012946,0,-2.54874287937,2.92108702488e+73,391.333333333,1.0
white_bean,89,0.107228915663,0.521797106303,-4.26282737529,-1.48087804889,3.99283714158e+75,264.494382022,0.800051072523
brisket,6,0.00722891566265,0.459657662369,0,-2.52589968751,3.24511038763e+73,422.833333333,1.0
turkey leg,34,0.0409638554217,0.496397126969,-5.13366402114,-1.84493113377,7.46742337836e+74,328.558823529,0.900178253119
pale_ale,10,0.0120481927711,0.443135632659,0,-2.42333116203,5.20447152053e+73,276.2,1.0
pie_shell,11,0.0132530120482,0.433598330329,-5.52942188494,-2.54205310126,3.01255713628e+73,185.545454545,0.8
dewberry,4,0.00481927710843,0.423592215014,0,-2.77764808923,1.01798558347e+73,313.25,1.0
white,307,0.369879518072,0.612308983897,-2.1089396337,-1.10265348827,2.27896553778e+76,165.156351792,0.390624002044
bitter,18,0.021686746988,0.459913596479,-2.60680820165,-2.33200555913,7.92556262739e+73,184.666666667,0.549019607843
banana,254,0.306024096386,0.588741852657,-2.59760343146,-1.15218840194,1.81412270349e+76,181.456692913,0.460303134045
caster_sugar,72,0.0867469879518,0.514965598053,-3.58913623668,-1.64995024034,1.83289846092e+75,224.555555556,0.652190923318
kiwi,4,0.00481927710843,0.357577843843,0,-3.33482173743,7.82361648537e+71,75.5,1.0
poultry,30,0.0361445783133,0.484176330174,-5.40029807402,-1.96697748789,4.25679319573e+74,259.433333333,0.862068965517
Brazil_nuts,5,0.00602409638554,0.418442157689,0,-2.74936464038,1.15960972186e+73,257.4,1.0
poached_egg,3,0.00361445783133,0.443611610783,0,-2.86230016369,6.89336898287e+72,373.333333333,1.0
Vienna_sausages,10,0.0120481927711,0.465879762706,0,-2.33157941964,7.94096819432e+73,362.8,1.0
shallot,264,0.318072289157,0.591693996617,-2.4812760963,-1.15210110241,1.81485499837e+76,173.045454545,0.424732111994
vermicelli,10,0.0120481927711,0.405301677761,0,-2.72595823905,1.29160647664e+73,118.1,1.0
pompano,38,0.0457831325301,0.494317665636,-5.19166310512,-1.81434543148,8.5969302991e+74,305.131578947,0.893314366999
buttermilk_biscuit,8,0.00963855421687,0.425118280637,0,-2.53745008511,3.07708701822e+73,243.5,1.0
celery_root,46,0.055421686747,0.494317665636,-4.00800348855,-1.75274123893,1.14170193334e+75,283.826086957,0.802898550725
sourdough_bread,60,0.0722891566265,0.510825491204,-3.89049309996,-1.65743516792,1.77078867344e+75,267.75,0.767231638418
hazelnut,139,0.167469879518,0.542710130931,-3.04631386289,-1.3295384815,8.01609109449e+75,234.028776978,0.661870503597
vanilla_ice_cream,81,0.0975903614458,0.515286849206,-3.22450859166,-1.62460698065,2.05981517771e+75,199.938271605,0.621913580247
sponge_cake,8,0.00963855421687,0.418018633237,0,-2.61889214716,2.11475666849e+73,202.125,1.0
prune,164,0.197590361446,0.5514050863,-3.05849893209,-1.29105501939,9.57041556679e+75,212.859756098,0.595540924734
wheat_berry,90,0.10843373494,0.522787860302,-3.61412187631,-1.51440827381,3.42153966501e+75,244.233333333,0.676903870162
syrup,102,0.122891566265,0.527798606567,-2.77931630701,-1.51183039308,3.46241425284e+75,212.529411765,0.581634634052
Key_limes,24,0.0289156626506,0.488471211873,-4.54123682984,-2.0066125254,3.54655796271e+74,327.25,0.851449275362
pumpkin_pie,12,0.0144578313253,0.451122238819,-7.57799531242,-2.35045159504,7.28007175618e+73,271.083333333,0.984848484848
cockle,10,0.0120481927711,0.423592215014,0,-2.53060235286,3.17569206812e+73,191.7,1.0
vanilla_bean,140,0.168674698795,0.544498892075,-2.98449591823,-1.37724153413,6.43512577379e+75,209.271428571,0.583144912641
pecan_pie,4,0.00481927710843,0.407099467362,0,-2.85795254418,7.03296133513e+72,244.75,1.0
parsley,389,0.468674698795,0.650397495494,-1.91306042667,-1.05132518819,2.88666723874e+76,141.904884319,0.299393104179
chicken_stock,393,0.473493975904,0.653484825377,-1.91373591272,-1.0427038764,3.00358018474e+76,143.671755725,0.304447733292
citrus_fruit,27,0.0325301204819,0.494022021099,-4.41493192428,-1.97420251018,4.11746280231e+74,302.37037037,0.82905982906
coconut,173,0.20843373494,0.555857886458,-2.55960802964,-1.31832944641,8.4407841334e+75,189.057803468,0.484540932921
sour_orange,128,0.15421686747,0.535323926946,-3.36601185739,-1.36776384258,6.72221107687e+75,230.4296875,0.671013779528
English_breakfast_tea,8,0.00963855421687,0.4553499555,0,-2.51741051685,3.37454736578e+73,296.5,1.0
yerba_buena,7,0.00843373493976,0.448915662651,-6.27528334025,-2.65321019303,1.8055850609e+73,235.0,0.761904761905
ginger,257,0.309638554217,0.589582312118,-2.25510442526,-1.16333055743,1.72338443658e+76,175.536964981,0.428745136187
juice,162,0.195180722892,0.551037237677,-3.05748219848,-1.3019771268,9.10095432572e+75,208.956790123,0.5743424584
scarlet_runner_bean,20,0.0240963855422,0.472002753873,-7.23297933719,-2.06296412839,2.73592945281e+74,335.65,0.989473684211
pastry,101,0.121686746988,0.52712496444,-3.45055494559,-1.48646256972,3.89147484117e+75,227.564356436,0.634851485149
black-eyed_pea,35,0.0421686746988,0.487894163779,-4.36174589106,-1.87319042706,6.55622209026e+74,290.857142857,0.831932773109
mint,304,0.366265060241,0.610950310116,-2.01142094803,-1.1114730888,2.1882566536e+76,164.233552632,0.384097620288
top_round,44,0.0530120481928,0.497293690113,-4.44544850526,-1.75926621772,1.1079023286e+75,302.659090909,0.826638477801
powdered_milk,48,0.0578313253012,0.501825528115,-4.15752276019,-1.81067820645,8.7434140304e+74,239.541666667,0.664893617021
striped_bass,56,0.0674698795181,0.505820464958,-4.7725541575,-1.66519249028,1.70864301872e+75,281.482142857,0.850649350649
beef_tenderloin,44,0.0530120481928,0.495206726185,-4.6609034402,-1.74719214267,1.17125191097e+75,305.613636364,0.873150105708
mix,80,0.0963855421687,0.518196247978,-3.24734462692,-1.56480212147,2.71289716204e+75,244.7875,0.684493670886
whipping_cream,134,0.161445783133,0.540225519475,-3.04313059259,-1.36594179531,6.7788495238e+75,224.574626866,0.616541353383
squab,59,0.0710843373494,0.50551090531,-4.61161583262,-1.66494741314,1.71057448057e+75,267.355932203,0.786090005845
goat_cheese,160,0.192771084337,0.549936630677,-2.82009728899,-1.28757780774,9.72489680457e+75,219.94375,0.618003144654
sherry,187,0.225301204819,0.561144578313,-2.76533771931,-1.23460367734,1.24117813564e+76,209.64171123,0.57834512104
zucchini,251,0.302409638554,0.585403840735,-2.63126943907,-1.15332957324,1.80461576156e+76,181.023904382,0.470247011952
sugar_cookie,6,0.00722891566265,0.447214303886,0,-2.68201623923,1.58126146418e+73,271.166666667,1.0
sugarcane,17,0.0204819277108,0.463526834611,-4.68450396778,-2.27480791878,1.03139165814e+74,226.117647059,0.808823529412
wine_sauce,8,0.00963855421687,0.42207706657,0,-2.64481769982,1.87674377945e+73,192.625,1.0
Tabasco_sauce,137,0.165060240964,0.542353788101,-3.46158718919,-1.34904279889,7.32747996313e+75,225.131386861,0.63857878918
vinaigrette,20,0.0240963855422,0.477735580843,-6.13296950583,-2.09883681363,2.31933513191e+74,284.3,0.910526315789
salmon,111,0.133734939759,0.531876895864,-3.41124008545,-1.39869888779,5.82962680038e+75,254.099099099,0.750204750205
sausage,252,0.303614457831,0.585819020764,-2.58603585349,-1.15570957436,1.78494586891e+76,178.837301587,0.45908429773
brioche,75,0.0903614457831,0.515930555451,-4.80118710296,-1.52696572577,3.22927812292e+75,285.586666667,0.872072072072
mace,53,0.0638554216867,0.502436021458,-4.01974035955,-1.72402495904,1.30312525981e+75,263.622641509,0.738026124819
tahini,34,0.0409638554217,0.490210575239,-5.03681363216,-1.88772421229,6.13178890385e+74,285.117647059,0.843137254902
peppercorn,421,0.507228915663,0.668288688736,-1.86224022272,-1.03051739379,3.17696844231e+76,136.859857482,0.27741205746
guinea_hen,16,0.0192771084337,0.464047651279,0,-2.13702235631,1.94529708651e+74,363.6875,1.0
watercress,143,0.172289156627,0.542710130931,-3.22043371296,-1.33026941302,7.98916719214e+75,223.72027972,0.635477198857
chard,130,0.156626506024,0.534285135367,-3.38905000887,-1.35777946314,7.0385107712e+75,232.392307692,0.679427549195
oyster,89,0.107228915663,0.51884724829,-3.8221156568,-1.498846206,3.67574667675e+75,253.573033708,0.75051072523
sauerkraut,15,0.0180722891566,0.4614552063,-5.23518415238,-2.32129045222,8.32637931848e+73,232.533333333,0.761904761905
Amaretto,48,0.0578313253012,0.491084910391,-4.62752654035,-1.84707783109,7.39412570759e+74,204.125,0.771276595745
red_pepper,421,0.507228915663,0.668288688736,-1.81751868486,-1.0295310918,3.19142914577e+76,137.598574822,0.280058816876
macadamia_nut,28,0.033734939759,0.496098990557,-5.31027809969,-1.95447670029,4.50901038664e+74,309.107142857,0.849206349206
seafood,58,0.0698795180723,0.507685813938,-4.8121880674,-1.64642261226,1.86290555339e+75,285.862068966,0.86146400484
fines_herbes,16,0.0192771084337,0.466933193486,0,-2.27707190491,1.0206931695e+74,234.4375,1.0
mustard_seed,76,0.0915662650602,0.514644747213,-3.70582043905,-1.59299113369,2.38262316736e+75,243.131578947,0.679298245614
soft-shell_crab,28,0.033734939759,0.489339347913,-5.97072373801,-1.93106202709,5.02237711882e+74,325.392857143,0.941798941799
macaroon,5,0.00602409638554,0.405500647657,0,-2.95527304424,4.49257020766e+72,162.6,1.0
langoustine,14,0.0168674698795,0.477459433108,-6.31244582138,-2.22977321166,1.26907099717e+74,338.357142857,0.923076923077
pineapple,252,0.303614457831,0.587068101832,-2.33612656055,-1.15735934521,1.77143265796e+76,181.134920635,0.45693416809
Grand_Marnier,70,0.0843373493976,0.515608501421,-3.57742727344,-1.61991925389,2.1047442121e+75,249.014285714,0.698550724638
wine,184,0.221686746988,0.559244969043,-2.47301278211,-1.26842506342,1.06216326943e+76,198.0,0.511344737467
salt,125,0.150602409639,0.537763554217,-3.39381987254,-1.38509208543,6.20662194803e+75,230.272,0.638193548387
Bologna_sausages,11,0.0132530120482,0.456861072609,0,-2.31615353052,8.52560410948e+73,345.454545455,1.0
grated_cheese,18,0.021686746988,0.471194991031,-6.07152469549,-2.14472675582,1.87750954737e+74,294.222222222,0.921568627451
orange_peel,16,0.0192771084337,0.473084088933,-5.32175269556,-2.24591997701,1.17814105525e+74,265.125,0.75
purslane,27,0.0325301204819,0.484744612252,-5.94497439745,-1.93141236343,5.01427316074e+74,337.851851852,0.931623931624
romaine_lettuce,218,0.26265060241,0.572025498114,-2.83574495962,-1.18752600064,1.54166874446e+76,195.151376147,0.533716653279
tequila,254,0.306024096386,0.589161782651,-2.10420864191,-1.18010358048,1.59527681241e+76,171.586614173,0.409604431857
Zinfandel,3,0.00361445783133,0.405301677761,0,-3.04451414861,2.9786038759e+72,217.0,1.0
safflower,17,0.0204819277108,0.464569639638,-5.46295031973,-2.16037520458,1.74695563672e+74,317.941176471,0.941176470588
rye_bread,16,0.0192771084337,0.456861072609,-4.64799038484,-2.36836909648,6.70351473649e+73,186.125,0.625
shortbread_cookie,10,0.0120481927711,0.443135632659,0,-2.52859596155,3.20515995137e+73,211.1,1.0
fennel,111,0.133734939759,0.528812304275,-3.75127112595,-1.41357277965,5.44369033784e+75,242.90990991,0.713185913186
Spanish_onions,153,0.184337349398,0.54593841327,-3.27997863651,-1.32065616453,8.35081821256e+75,210.352941176,0.591675266598
sour_cherry,26,0.0313253012048,0.476908094271,-5.06322178924,-2.08854215651,2.43195622138e+74,226.0,0.8
clotted_cream,7,0.00843373493976,0.447941875964,0,-2.62221924795,2.08256268882e+73,272.0,1.0
chicken,362,0.436144578313,0.636857994817,-2.10529614828,-1.05586703805,2.82691341502e+76,151.834254144,0.340169265851
orange_pekoe,2,0.00240963855422,0.379772330702,0,-3.33956524516,7.65436207628e+71,160.5,1.0
caper,224,0.269879518072,0.574811982795,-2.71042057188,-1.18611482356,1.55172079637e+76,190.714285714,0.50568545804
dill_pickle,33,0.0397590361446,0.480794423328,-5.21886255317,-1.90829001567,5.57772105383e+74,272.393939394,0.846590909091
chamomile,1,0.00120481927711,0.342598431886,0,-3.79313742739,9.47941157618e+70,89.0,0.0
strip_steak,17,0.0204819277108,0.476908094271,-7.48108529941,-2.0898024837,2.4178240683e+74,394.294117647,0.992647058824
littleneck_clam,61,0.0734939759036,0.508937042068,-3.98021624286,-1.65546065408,1.78696149428e+75,266.672131148,0.77868852459
star_anise,98,0.118072289157,0.528136073707,-3.55018035894,-1.49144800635,3.80314689652e+75,233.969387755,0.673679781191
sugar,351,0.422891566265,0.632953884504,-1.64216486408,-1.11603135988,2.14280231601e+76,140.45014245,0.285779405779
celery,350,0.421686746988,0.631502155411,-2.14804681217,-1.07106292931,2.63584852181e+76,152.54,0.342251330332
jam,5,0.00602409638554,0.424462908159,0,-2.73949473128,1.21352774395e+73,273.4,1.0
polenta,71,0.0855421686747,0.510509777056,-4.18531522421,-1.57786092269,2.55455096363e+75,271.394366197,0.78430583501
mung_bean,12,0.0144578313253,0.470122264813,0,-2.41911086648,5.30659817198e+73,237.583333333,1.0
bourbon,50,0.0602409638554,0.506440723039,-4.56963133664,-1.76311623239,1.08844559513e+75,246.28,0.77387755102
rice,277,0.333734939759,0.598554216867,-2.44575409819,-1.12408821264,2.06475065379e+76,176.194945848,0.437110866949
pumpkin,142,0.171084337349,0.542710130931,-3.27858441249,-1.3352535203,7.80788485494e+75,223.436619718,0.635700729198
rose,10,0.0120481927711,0.433370839075,-6.60356141722,-2.51513135068,3.41020232913e+73,208.8,0.933333333333
sour_milk,2,0.00240963855422,0.396926871349,0,-3.12324226936,2.07278813638e+72,271.0,1.0
dandelion,8,0.00963855421687,0.464831074438,0,-2.55862811066,2.79109660755e+73,293.0,1.0
Chinese_mustard,17,0.0204819277108,0.45585254927,0,-2.23761795647,1.22406460294e+74,233.647058824,1.0
foie_gras,32,0.0385542168675,0.490210575239,-5.60145719578,-1.88619371791,6.17515578124e+74,305.4375,0.91935483871
corn_chip,58,0.0698795180723,0.506130403969,-4.93436669496,-1.64758210165,1.8529875035e+75,281.965517241,0.860859044162
bean,172,0.207228915663,0.553622533028,-3.23126510605,-1.26434674936,1.08230087149e+76,212.889534884,0.59819121447
molasses,131,0.157831325301,0.538815929078,-3.28578173719,-1.37466389931,6.5119639833e+75,224.503816794,0.632413388139
watermelon,50,0.0602409638554,0.504892921319,-3.91223140177,-1.83522693754,7.80882434146e+74,210.34,0.622040816327
ginger_beer,4,0.00481927710843,0.427981771646,0,-2.92825697656,5.08769517461e+72,241.5,1.0
fatback,35,0.0421686746988,0.488182517303,-4.69308696024,-1.90715638642,5.60689562002e+74,269.142857143,0.752941176471
applejack,8,0.00963855421687,0.444088612515,0,-2.48219646394,3.96867597616e+73,291.875,1.0
white_wine,250,0.301204819277,0.585819020764,-2.65770266975,-1.14906296935,1.84042364703e+76,184.628,0.479068273092
dent_corn,11,0.0132530120482,0.482197792923,-5.72585749195,-2.28908803049,9.65723146855e+73,405.181818182,0.927272727273
farmer's_cheese,109,0.131325301205,0.529829903321,-3.29255003203,-1.40423544841,5.68286624243e+75,254.293577982,0.749235474006
crystallized_ginger,63,0.0759036144578,0.511458092432,-4.15385975113,-1.67144812573,1.66013139789e+75,244.444444444,0.740399385561
apple_pie,3,0.00361445783133,0.417807192351,0,-2.99084840699,3.813605054e+72,278.666666667,1.0
brain,20,0.0240963855422,0.484176330174,-7.28283876567,-2.04521438521,2.96895826396e+74,352.95,0.989473684211
oyster mushroom,56,0.0674698795181,0.507373967615,-5.2180228257,-1.6324429751,1.98677731347e+75,309.160714286,0.915584415584
crabmeat,141,0.169879518072,0.541287561781,-3.22704754118,-1.34238406276,7.55565853686e+75,220.120567376,0.634143870314
sirloin,46,0.055421686747,0.496695621935,-5.30176921338,-1.72325018265,1.30777974555e+75,306.434782609,0.914009661836
pretzel,17,0.0204819277108,0.458891566265,-5.69736487554,-2.25871085109,1.11075818349e+74,225.529411765,0.816176470588
whitefish,5,0.00602409638554,0.46430849875,0,-2.61189079774,2.18398304971e+73,407.8,1.0
nutmeg,228,0.274698795181,0.577222095931,-2.53909714617,-1.18694898847,1.54576836669e+76,189.48245614,0.491691784527
steak,100,0.120481927711,0.525448358319,-3.8169507532,-1.44026825872,4.81395310516e+75,255.3,0.762828282828
Tabasco,11,0.0132530120482,0.456861072609,0,-2.38485409648,6.21334844384e+73,292.363636364,1.0
honeycomb_tripe,53,0.0638554216867,0.50862365719,-4.93535712231,-1.66167252825,1.73655998331e+75,308.58490566,0.904934687954
grape_juice,3,0.00361445783133,0.385803278504,0,-3.27435086229,1.03356617626e+72,129.0,1.0
yellow_squash,85,0.102409638554,0.51884724829,-4.08450575908,-1.50225992975,3.6184080431e+75,264.447058824,0.782913165266
spring_roll,15,0.0180722891566,0.421646155833,-4.94131159262,-2.47112768169,4.17629634021e+73,141.333333333,0.72380952381
Drambuie,3,0.00361445783133,0.374265890021,0,-3.20624081939,1.41438281891e+72,130.666666667,1.0
orange_liqueur,56,0.0674698795181,0.510509777056,-3.46306374646,-1.71811097099,1.33910551064e+75,255.160714286,0.693506493506
nasturtium,23,0.0277108433735,0.478843373494,-5.71779435165,-2.08798281307,2.43822711313e+74,248.608695652,0.830039525692
sage,133,0.160240963855,0.537763554217,-3.34313650924,-1.37302893041,6.56118889125e+75,218.977443609,0.613579403053
yellowtail_snapper,7,0.00843373493976,0.467197295971,0,-2.42726241461,5.11094039496e+73,480.857142857,1.0
sirloin_steak,43,0.0518072289157,0.502130589226,-5.91176232396,-1.73246869445,1.25342152217e+75,324.558139535,0.960132890365
radicchio,64,0.0771084337349,0.503968773201,-3.95180094058,-1.67124754717,1.66166637002e+75,234.921875,0.681051587302
Bibb_lettuce,15,0.0180722891566,0.463526834611,-6.08544354698,-2.21805960245,1.33941193756e+74,311.133333333,0.933333333333
apple_juice,70,0.0843373493976,0.515608501421,-3.17337964896,-1.66161137406,1.73706303649e+75,224.657142857,0.616563146998
violet,5,0.00602409638554,0.428648063974,0,-2.72134707381,1.31930018024e+73,289.0,1.0
pepper_sauce,103,0.124096385542,0.52746157042,-3.78522860263,-1.43227567684,4.99444644665e+75,251.058252427,0.759375594898
guanabana,4,0.00481927710843,0.444327498266,0,-2.74211342669,1.19896578052e+73,372.0,1.0
ladyfinger,14,0.0168674698795,0.454848468765,-6.85166479165,-2.27771769024,1.01766472587e+74,266.357142857,0.967032967033
pearl_barley,21,0.0253012048193,0.481074443376,-6.41091710749,-2.05630920048,2.82108799252e+74,314.714285714,0.938095238095
mutton,12,0.0144578313253,0.473084088933,-5.12299049025,-2.27547235151,1.02822089077e+74,353.583333333,0.909090909091
stock_cube,26,0.0313253012048,0.482479450512,-5.37308060835,-1.98469608961,3.92321023987e+74,305.423076923,0.858461538462
whiskey,13,0.0156626506024,0.470926350785,-6.43129237718,-2.26843202647,1.06210997051e+74,326.153846154,0.935897435897
green_bean,184,0.221686746988,0.558866589497,-2.9845646516,-1.25101261066,1.15084488801e+76,202.994565217,0.562009978617
leg,42,0.0506024096386,0.495206726185,-5.19639852364,-1.77146019711,1.04740425824e+75,303.833333333,0.867595818815
cocktail_sauce,8,0.00963855421687,0.461197554035,0,-2.4113740682,5.49897809282e+73,391.25,1.0
Port_wine,90,0.10843373494,0.524114733044,-4.30969410736,-1.46490920265,4.297530629e+75,274.888888889,0.823220973783
mascarpone,34,0.0409638554217,0.496994476099,-5.3939003567,-1.85646708311,7.08108469805e+74,316.558823529,0.877005347594
icing_sugar,24,0.0289156626506,0.471463937944,-5.00736872561,-2.1630712147,1.725435751e+74,202.666666667,0.75
palm_oil,6,0.00722891566265,0.446247876433,0,-2.60871956062,2.21611895651e+73,323.666666667,1.0
yogurt,159,0.19156626506,0.550303010844,-2.9424523381,-1.30104785584,9.13997297207e+75,214.817610063,0.587851285726
blue_crab,19,0.0228915662651,0.475809227694,-7.55779192633,-2.04651439842,2.95122117165e+74,382.368421053,0.994152046784
torpedo,14,0.0168674698795,0.466669389422,-6.53452517341,-2.19602078852,1.48247661298e+74,379.857142857,0.967032967033
sea_scallop,105,0.126506024096,0.529829903321,-3.428499273,-1.46451185857,4.30541852548e+75,230.076190476,0.647252747253
safflower_oil,148,0.178313253012,0.545217702493,-3.47118950431,-1.30004545224,9.18225891714e+75,230.628378378,0.682110682111
food_coloring,28,0.033734939759,0.484460304561,-5.26555594966,-2.04961834968,2.90939429438e+74,233.071428571,0.830687830688
cantaloupe,49,0.0590361445783,0.507373967615,-4.31318618409,-1.78644204188,9.77583059096e+74,245.734693878,0.727040816327
bulgur,22,0.0265060240964,0.479677595399,-6.41562902874,-2.03755549506,3.07555589087e+74,317.181818182,0.95670995671
cauliflower,109,0.131325301205,0.529829903321,-3.87984540734,-1.41068881045,5.51646805618e+75,249.422018349,0.742609582059
pineapple_juice,97,0.11686746988,0.526788787804,-3.39602002849,-1.46575330705,4.28086625252e+75,251.206185567,0.716494845361
hot_pepper,102,0.122891566265,0.527798606567,-3.9804438104,-1.43130699434,5.01677532774e+75,254.784313725,0.773053775966
sole,21,0.0253012048193,0.48645749074,-6.49298597788,-2.03417706858,3.12376832741e+74,348.714285714,0.952380952381
Spanish_paprika,69,0.0831325301205,0.506751422869,-4.34792244059,-1.58541203111,2.46724830051e+75,271.130434783,0.811594202899
roast_beef,35,0.0421686746988,0.491962370028,-5.39832609926,-1.85573434927,7.10503416421e+74,300.514285714,0.880672268908
beef_stew,22,0.0265060240964,0.473355197293,-6.93904191591,-2.02994555582,3.18523184254e+74,333.227272727,0.982683982684
navel_orange,56,0.0674698795181,0.50706250416,-4.20711281713,-1.69818430523,1.46780548598e+75,261.142857143,0.75
concentrate,56,0.0674698795181,0.508310658017,-4.07853234067,-1.71580183244,1.35342452852e+75,250.928571429,0.711688311688
sassafras,3,0.00361445783133,0.441241890639,0,-2.8863145247,6.17165332734e+72,364.0,1.0
curry_powder,80,0.0963855421687,0.520154168311,-3.3962998514,-1.54727828401,2.94090427478e+75,257.0,0.731012658228
Madeira_cake,7,0.00843373493976,0.413002409639,0,-2.65493251987,1.79133593852e+73,213.0,1.0
prickly_pear,61,0.0734939759036,0.510825491204,-3.57120460459,-1.66284301374,1.72723038433e+75,264.540983607,0.726775956284
eggnog,2,0.00240963855422,0.386706376066,0,-3.23576380485,1.23456352694e+72,210.0,1.0
shin_bone,14,0.0168674698795,0.465617147281,0,-2.19585977841,1.48357974598e+74,373.0,1.0
bay_leaf,415,0.5,0.664525196522,-1.96778321832,-1.03002902625,3.18412241479e+76,138.722891566,0.285489785228
jelly,86,0.103614457831,0.522126940125,-2.99810757721,-1.60608874097,2.24316772226e+75,206.662790698,0.562517099863
Bermuda_onions,7,0.00843373493976,0.458128019566,0,-2.56083997002,2.76279857516e+73,342.714285714,1.0
kosher,23,0.0277108433735,0.480514729073,-5.84918022223,-2.03608499299,3.09645363018e+74,307.47826087,0.916996047431
Whip,9,0.010843373494,0.466405883273,-5.93508792221,-2.38808366399,6.12155133746e+73,386.444444444,0.944444444444
beef_jerky,33,0.0397590361446,0.493431791683,-5.79562013056,-1.85430590157,7.15191556329e+74,321.454545455,0.943181818182
winter_squash,45,0.0542168674699,0.496994476099,-4.87259104161,-1.75547254793,1.12743201833e+75,290.044444444,0.850505050505
cod,70,0.0843373493976,0.514644747213,-3.93923206491,-1.58872186002,2.42992755713e+75,266.557142857,0.786335403727
eggplant,121,0.14578313253,0.533250367513,-3.76593160351,-1.3818306269,6.30054987103e+75,237.115702479,0.709641873278
blue_cheese,62,0.0746987951807,0.513365332055,-4.76593939312,-1.62117915386,2.09256521221e+75,277.564516129,0.841882601798
pita,40,0.0481927710843,0.482761437333,-4.75718652923,-1.83970471203,7.64939035317e+74,265.675,0.760256410256
puff,15,0.0180722891566,0.458128019566,-5.24104037475,-2.33175366224,7.93471344092e+73,222.066666667,0.666666666667
pigeon_pea,25,0.0301204819277,0.470122264813,-5.6567823153,-1.99339872245,3.76908662987e+74,309.36,0.92
bran,11,0.0132530120482,0.431785059737,0,-2.50894527941,3.50873411748e+73,198.090909091,1.0
limeade,5,0.00602409638554,0.426215077026,0,-2.86844796243,6.70106140445e+72,206.6,1.0
ginger_ale,8,0.00963855421687,0.442186734088,-4.25970566602,-2.69371221162,1.49834714256e+73,196.625,0.607142857143
chocolate_chip_cookie,9,0.010843373494,0.44842824065,0,-2.48581684231,3.90306233074e+73,269.888888889,1.0
kirsch,26,0.0313253012048,0.482197792923,-4.94212660893,-2.06063101774,2.76551723644e+74,248.461538462,0.843076923077
haricot_vert,17,0.0204819277108,0.481354789789,-5.58823977995,-2.16115936564,1.74066011639e+74,319.588235294,0.889705882353
olive_oil,275,0.331325301205,0.596824291385,-2.39690638739,-1.12889297203,2.01956840477e+76,173.785454545,0.434717982747
lager_beer,42,0.0506024096386,0.495503790808,-4.98391403624,-1.75035444855,1.15431667235e+75,321.5,0.945412311266
pie,20,0.0240963855422,0.462488700603,-4.12381048657,-2.20297185899,1.43580485543e+74,227.8,0.747368421053
lamb_chop,10,0.0120481927711,0.439364265573,-6.59757605017,-2.46133349075,4.36890574787e+73,238.9,0.888888888889
scallop,93,0.112048192771,0.522787860302,-3.77673631087,-1.50268351234,3.61137218753e+75,237.258064516,0.707339878448
double_cream,58,0.0698795180723,0.508937042068,-3.71807036431,-1.73689974239,1.2281152499e+75,229.172413793,0.664246823956
oregano,471,0.567469879518,0.696462748126,-1.72639527527,-1.01095282565,3.47650565877e+76,126.481953291,0.238424357411
poi,14,0.0168674698795,0.47254280279,0,-2.19253006819,1.50651218965e+74,352.785714286,1.0
hoisin_sauce,18,0.021686746988,0.471463937944,-4.40604925302,-2.28773385386,9.71785172923e+73,213.055555556,0.790849673203
walnut,199,0.239759036145,0.566144495735,-2.4951468165,-1.22239813805,1.31294108089e+76,202.804020101,0.549210699964
beetroot,126,0.151807228916,0.535323926946,-3.4604587984,-1.38466569895,6.21882590022e+75,226.817460317,0.643428571429
beef,290,0.349397590361,0.603804692454,-2.36836430629,-1.12009130833,2.10311108846e+76,167.551724138,0.405273833671
Burgundy_wine,9,0.010843373494,0.455099073982,0,-2.44370532027,4.73828681503e+73,313.444444444,1.0
tomato_paste,203,0.244578313253,0.566144495735,-2.79541979879,-1.21499005062,1.35850837255e+76,199.192118227,0.540359947325
pork_loin,161,0.193975903614,0.550669879518,-3.21448486952,-1.26960038241,1.056428216e+76,225.658385093,0.664829192547
lobster_tail,36,0.0433734939759,0.497893200288,-5.27909368965,-1.84003374339,7.63778649792e+74,303.5,0.879365079365
buttermilk,218,0.26265060241,0.573614457831,-2.60195540761,-1.20036740129,1.45314111559e+76,191.95412844,0.500486196254
beer,161,0.193975903614,0.551037237677,-3.35871506179,-1.28530538009,9.82721965223e+75,217.236024845,0.619642857143
horseradish,78,0.0939759036145,0.519173362211,-4.09575376941,-1.55092631905,2.89190644568e+75,263.051282051,0.744921744922
basil,249,0.3,0.5841618241,-2.55137514154,-1.16281899931,1.7274514458e+76,179.526104418,0.454884052338
tofu,80,0.0963855421687,0.508310658017,-3.72772133906,-1.59295251626,2.38306114483e+75,219.275,0.644620253165
venison,34,0.0409638554217,0.496397126969,-5.43387333941,-1.85782016858,7.03709742483e+74,316.529411765,0.878787878788
spring_onion,393,0.473493975904,0.651937505349,-1.78772717444,-1.04875611549,2.92102116675e+76,141.671755725,0.297255543439
walnut_oil,33,0.0397590361446,0.483609378968,-4.6108901407,-1.95105603096,4.58065214754e+74,234.606060606,0.729166666667
red_wine,223,0.268674698795,0.576014518324,-2.5943625157,-1.19702578917,1.47567737881e+76,188.040358744,0.485476507898
squash,123,0.148192771084,0.534977214558,-3.14640608813,-1.37979003756,6.36003040008e+75,236.170731707,0.676396108223
rolled_oats,60,0.0722891566265,0.50706250416,-3.51925681429,-1.72682728584,1.2864255408e+75,222.2,0.618079096045
snap,10,0.0120481927711,0.445045700042,0,-2.45194489386,4.56193136421e+73,250.4,1.0
arrowroot,31,0.0373493975904,0.480514729073,-4.6444459532,-1.95872316732,4.42172058688e+74,253.193548387,0.782795698925
liver,24,0.0289156626506,0.482197792923,-6.2659918479,-2.00368909105,3.59464906632e+74,311.291666667,0.974637681159
ricotta,106,0.127710843373,0.52712496444,-3.75012349319,-1.4295726888,5.05700721237e+75,244.971698113,0.723270440252
roast_pork,31,0.0373493975904,0.491084910391,-5.54933125389,-1.88110180665,6.32164176553e+74,324.967741935,0.922580645161
Scotch,71,0.0855421686747,0.515286849206,-3.19379307333,-1.59537766542,2.35657449074e+75,263.056338028,0.729577464789
sweet_vermouth,7,0.00843373493976,0.420358686655,-5.58036000353,-2.6927839064,1.50478360357e+73,200.142857143,0.761904761905
sweetbread,10,0.0120481927711,0.463526834611,-6.29933271859,-2.5032532908,3.60187791146e+73,245.7,0.955555555556
root_vegetable,2,0.00240963855422,0.443611610783,0,-2.94523757125,4.70486145281e+72,557.0,1.0
pinole,3,0.00361445783133,0.415077798632,0,-2.94469233835,4.71683565978e+72,292.333333333,1.0
gem,57,0.0686746987952,0.504584495588,-4.81776646174,-1.66820877197,1.68507682496e+75,272.0,0.828947368421
persimmon,19,0.0228915662651,0.461713146605,-5.44108953671,-2.27333926909,1.03839725213e+74,195.368421053,0.707602339181
sesame,74,0.089156626506,0.508937042068,-3.94325507503,-1.59960373054,2.3111644178e+75,242.108108108,0.694187338023
agar,6,0.00722891566265,0.458636768061,0,-2.57235460642,2.62012623932e+73,368.0,1.0
yellow_pea,5,0.00602409638554,0.423592215014,0,-2.7666849578,1.07069170709e+73,257.0,1.0
bouillon_cube,69,0.0831325301205,0.512728007,-4.65126731495,-1.56680148266,2.68802609482e+75,286.144927536,0.858482523444
sea_bream,9,0.010843373494,0.459913596479,0,-2.34082007943,7.61004401384e+73,433.777777778,1.0
butterhead_lettuce,5,0.00602409638554,0.406098731208,0,-2.79108668688,9.56907680244e+72,210.8,1.0
stuffing,10,0.0120481927711,0.443849983491,0,-2.48931628396,3.84065678001e+73,231.1,1.0
passion_fruit,46,0.055421686747,0.504276446445,-4.70909637036,-1.81791273047,8.45694596816e+74,240.130434783,0.769082125604
challah,28,0.033734939759,0.492842970929,-6.76723807042,-1.89243371522,6.00018414622e+74,362.464285714,0.984126984127
squid,95,0.114457831325,0.523450455816,-3.71577500515,-1.50558355901,3.56345986886e+75,231.810526316,0.679507278835
yam,66,0.0795180722892,0.511458092432,-3.73119508226,-1.63235623047,1.98757849434e+75,259.060606061,0.715151515152
quail,108,0.130120481928,0.528812304275,-3.67048988486,-1.41837736426,5.324563057e+75,248.435185185,0.72481827622
rib,14,0.0168674698795,0.46430849875,-4.59289055071,-2.24813988533,1.16614752293e+74,315.642857143,0.901098901099
maple_syrup,82,0.0987951807229,0.517546879246,-3.50221700124,-1.60628939671,2.24110206569e+75,211.62195122,0.614875037639
French_bread,142,0.171084337349,0.542710130931,-3.52952210474,-1.30726690505,8.8818997692e+75,239.612676056,0.704525022475
absinthe,4,0.00481927710843,0.436808471326,0,-2.78322762632,9.92152353236e+72,335.0,1.0
cumin_seed,450,0.542168674699,0.683778823905,-1.83776339125,-1.01653261364,3.38830906008e+76,131.293333333,0.256401880723
nonpareil,3,0.00361445783133,0.409521477083,0,-2.94241439748,4.76658701024e+72,290.333333333,1.0
chicory,33,0.0397590361446,0.494613664238,-5.83970829246,-1.86387034913,6.84375225597e+74,310.727272727,0.935606060606
flageolet,6,0.00722891566265,0.421646155833,0,-2.71121174599,1.38234537016e+73,224.333333333,1.0
sesame_seed,224,0.269879518072,0.576014518324,-2.7191814026,-1.1862828429,1.55051939402e+76,191.1875,0.505325112108
shad,4,0.00481927710843,0.453101930487,0,-2.70850139772,1.39966133546e+73,451.0,1.0
grappa,10,0.0120481927711,0.458128019566,0,-2.45463468028,4.50574927075e+73,260.0,1.0
vegetable,145,0.174698795181,0.544858060209,-2.92526809053,-1.32060093966,8.35291950491e+75,227.027586207,0.644636015326
grain,249,0.3,0.585819020764,-2.10157370172,-1.160653412,1.74476341274e+76,181.453815261,0.458446689986
criollo,18,0.021686746988,0.477459433108,-5.73922732361,-2.10206631663,2.28506866502e+74,350.055555556,0.967320261438
berry,256,0.30843373494,0.589582312118,-2.53767926568,-1.14692891644,1.85859979967e+76,181.765625,0.462683823529
fenugreek,13,0.0156626506024,0.4553499555,0,-2.4170543567,5.3570445962e+73,234.923076923,1.0
papaya,83,0.1,0.521467688938,-3.66848059741,-1.58804095842,2.43757250768e+75,221.963855422,0.627093740817
snail,12,0.0144578313253,0.451862592602,0,-2.35297021326,7.19612602317e+73,257.833333333,1.0
pomegranate,123,0.148192771084,0.536366765764,-3.17493786558,-1.37574115623,6.4797316612e+75,238.902439024,0.687724910036
drink,4,0.00481927710843,0.411972478442,0,-2.89994191531,5.79634602341e+72,235.25,1.0
garlic,501,0.603614457831,0.714537040897,-1.59486881029,-1.00394234119,3.59057710555e+76,120.343313373,0.216351297405
melon,7,0.00843373493976,0.473898347262,0,-2.49334714605,3.76997192152e+73,378.428571429,1.0
pumpkin_seed,176,0.212048192771,0.555857886458,-3.04861570495,-1.2440630629,1.18827012367e+76,217.852272727,0.624415584416
tuna,121,0.14578313253,0.533939766824,-3.0971884672,-1.39261086647,5.99538696497e+75,233.67768595,0.663085399449
canola_oil,128,0.15421686747,0.538464680102,-3.6969045746,-1.34982387564,7.30115759435e+75,242.2265625,0.714936023622
broccoli,51,0.0614457831325,0.495503790808,-4.49779866565,-1.73446668786,1.24194885634e+75,261.098039216,0.798431372549
brown_rice,9,0.010843373494,0.456104262439,0,-2.36890889533,6.68670524214e+73,385.777777778,1.0
butter,357,0.430120481928,0.635388322521,-1.8981694121,-1.07894792194,2.5418478989e+76,148.728291317,0.321027287319
noodle,83,0.1,0.513365332055,-3.33776255095,-1.55252295664,2.87072796437e+75,240.843373494,0.6952688804
crabapple,7,0.00843373493976,0.465092803647,0,-2.49772412623,3.69471509378e+73,385.714285714,1.0
string_cheese,8,0.00963855421687,0.446006921856,0,-2.48552370973,3.90829451012e+73,308.75,1.0
tapenade,14,0.0168674698795,0.459146647736,-4.56455612661,-2.35945265575,6.98444024701e+73,227.928571429,0.813186813187
barbecue_sauce,64,0.0771084337349,0.504892921319,-4.17527605247,-1.6392515664,1.92545564449e+75,261.8125,0.770337301587
veal,126,0.151807228916,0.537763554217,-3.69299594052,-1.34659658984,7.41047600194e+75,247.468253968,0.751619047619
chili_powder,145,0.174698795181,0.541642504444,-3.30596558601,-1.33196615519,7.92698798444e+75,219.393103448,0.619731800766
puree,45,0.0542168674699,0.504584495588,-4.85352042031,-1.76024436018,1.10292770655e+75,293.022222222,0.89595959596
Junket,1,0.00120481927711,0.384367063414,0,-3.35246100275,7.21298120823e+71,334.0,0.0
patty,112,0.134939759036,0.533250367513,-3.60261080005,-1.44312565866,4.75103642011e+75,227.258928571,0.646557271557
Maraschino_cherries,18,0.021686746988,0.46430849875,-5.36399809397,-2.24622082946,1.17651407882e+74,232.222222222,0.803921568627
alfalfa,3,0.00361445783133,0.432236954096,0,-2.87312249637,6.55826886723e+72,353.666666667,1.0
fennel_seed,104,0.125301204819,0.528136073707,-3.77331178359,-1.43452194741,4.94305052848e+75,247.846153846,0.728155339806
kale,30,0.0361445783133,0.480514729073,-5.05481884418,-1.91362531765,5.44230573778e+74,311.366666667,0.88275862069
rocket,101,0.121686746988,0.525782825765,-3.23978514585,-1.48304082851,3.95328045348e+75,227.207920792,0.640396039604
steamer_clam,11,0.0132530120482,0.454098306365,0,-2.43913959584,4.8390255454e+73,245.454545455,1.0
coriander_seed,531,0.639759036145,0.732923530858,-1.46312311027,-0.994185003986,3.75559834868e+76,115.853107345,0.200270049391
cider_vinegar,304,0.366265060241,0.609148096812,-2.35697418404,-1.10009310911,2.30599913971e+76,166.069078947,0.40090324822
bottom_round,19,0.0228915662651,0.480235360045,-6.62031756594,-2.09480461265,2.36277766631e+74,338.947368421,0.982456140351
milk_chocolate,29,0.0349397590361,0.473084088933,-4.23360184528,-2.09477064793,2.36319374954e+74,196.965517241,0.669950738916
Calvados,31,0.0373493975904,0.492549087225,-4.10264307043,-1.97130973891,4.17270759552e+74,256.35483871,0.793548387097
margarine,121,0.14578313253,0.534630950988,-3.46150056235,-1.39518543225,5.92473553808e+75,231.404958678,0.665840220386
apple,252,0.303614457831,0.586651150055,-2.20634377378,-1.1710144612,1.66346731367e+76,176.134920635,0.433187883387
huckleberry,7,0.00843373493976,0.423375099578,0,-2.60824320527,2.22103325478e+73,248.142857143,1.0
cherry,112,0.134939759036,0.532906335017,-3.37325727952,-1.44191421742,4.77760955003e+75,228.848214286,0.637226512227
lime_juice,9,0.010843373494,0.4614552063,-5.79609044937,-2.44857380199,4.63319861553e+73,344.222222222,0.944444444444
manzanilla,58,0.0698795180723,0.511774980965,-4.37937778807,-1.63435198821,1.96938781602e+75,300.465517241,0.854204476709
grapefruit,101,0.121686746988,0.528136073707,-3.4199249292,-1.46916427866,4.21414725307e+75,240.306930693,0.658217821782
sweet,186,0.224096385542,0.560383188112,-2.91297287841,-1.23315019438,1.24951487072e+76,209.774193548,0.588084859053
enchilada,21,0.0253012048193,0.478565943961,-4.66587069827,-2.08211734565,2.50494671579e+74,310.714285714,0.857142857143
hard-cooked_egg,126,0.151807228916,0.536018701672,-3.59496218301,-1.36220486574,6.8965186204e+75,237.507936508,0.701079365079
kumquat,21,0.0253012048193,0.467991399024,-5.53608213008,-2.15071312939,1.82647503724e+74,239.428571429,0.919047619048
teriyaki,2,0.00240963855422,0.408105147864,0,-3.00869309222,3.51272971291e+72,377.5,1.0
liqueur,46,0.055421686747,0.503354551662,-3.8476811167,-1.82501017679,8.18496295157e+74,239.739130435,0.665700483092
angel_food_cake,3,0.00361445783133,0.377343453302,0,-3.10618208519,2.24224841361e+72,163.0,1.0
Bing_cherries,10,0.0120481927711,0.463787096731,0,-2.37669652867,6.45121568724e+73,321.6,1.0
caramel,4,0.00481927710843,0.427317547479,0,-2.75397646448,1.13522803374e+73,337.25,1.0
anchovy,83,0.1,0.518196247978,-3.91838470556,-1.53600285621,3.09765103148e+75,249.373493976,0.726417866588
grit,66,0.0795180722892,0.512092262416,-4.53614362605,-1.59878677217,2.31986784391e+75,278.454545455,0.821911421911
pistachio_nut,55,0.066265060241,0.50862365719,-4.21529443744,-1.70962646337,1.39246179616e+75,265.963636364,0.746801346801
bok_choy,9,0.010843373494,0.448671819271,0,-2.50496997924,3.57351488642e+73,262.111111111,1.0
pulque,32,0.0385542168675,0.495503790808,-5.88572734658,-1.86189893729,6.90614851887e+74,329.09375,0.943548387097
summer_squash,37,0.044578313253,0.482479450512,-5.08563677342,-1.8036931191,9.02915045588e+74,325.351351351,0.938438438438
game,34,0.0409638554217,0.496994476099,-5.20362583738,-1.87982151571,6.35905051798e+74,292.852941176,0.853832442068
mineral_water,17,0.0204819277108,0.48645749074,-6.7207017462,-2.10496162021,2.2547965714e+74,378.823529412,0.963235294118
Belgian_endive,31,0.0373493975904,0.464047651279,-4.83657610858,-2.0294700186,3.19228688282e+74,198.290322581,0.733333333333
turtle_bean,221,0.266265060241,0.573216390893,-2.88019867723,-1.17953895431,1.59942961355e+76,196.271493213,0.534882764295
boysenberry,2,0.00240963855422,0.407903614458,0,-3.02244234961,3.29722855929e+72,377.0,1.0
chipotle,273,0.328915662651,0.596393371319,-2.55865570421,-1.12058853852,2.09829879431e+76,178.523809524,0.456259426848
meat,122,0.146987951807,0.535323926946,-3.61906539549,-1.36502626941,6.80748349895e+75,245.696721311,0.732014632164
shoulder,37,0.044578313253,0.48588518781,-5.07509469538,-1.82072133223,8.34817114802e+74,309.837837838,0.899399399399
clam,126,0.151807228916,0.534977214558,-3.48784496639,-1.39053707731,6.05293420549e+75,222.119047619,0.649523809524
onion,517,0.622891566265,0.724565630945,-1.51084578646,-0.997042863333,3.70649434432e+76,118.299806576,0.208717556565
sugar_syrup,6,0.00722891566265,0.461971375435,0,-2.55047865798,2.89784243178e+73,387.833333333,1.0
hominy,87,0.104819277108,0.517546879246,-3.95041336192,-1.52359198541,3.27985180978e+75,244.505747126,0.71050521251
strawberry_jam,5,0.00602409638554,0.418654241904,0,-2.77572719394,1.02703819066e+73,235.0,1.0
Gouda_cheese,29,0.0349397590361,0.488182517303,-6.63146209688,-1.88927318851,6.08816861981e+74,343.75862069,0.975369458128
sausage_meat,16,0.0192771084337,0.467197295971,-6.9029171426,-2.17973368351,1.59796740862e+74,306.6875,0.966666666667
eel,6,0.00722891566265,0.443611610783,0,-2.53424845293,3.12271418425e+73,399.333333333,1.0
Kahlua,68,0.0819277108434,0.512092262416,-3.61164513913,-1.67659047744,1.62128645732e+75,217.044117647,0.712906057946
caraway_seed,52,0.0626506024096,0.501520837448,-3.68012450385,-1.70066060334,1.45115732141e+75,281.634615385,0.803167420814
mescal,2,0.00240963855422,0.422508858965,0,-3.16982707055,1.67254072062e+72,300.5,1.0
white_pepper,193,0.232530120482,0.562673582614,-2.84778950185,-1.22889857719,1.27422109604e+76,204.357512953,0.558613989637
bamboo,23,0.0277108433735,0.48588518781,-5.63374391355,-2.0241256893,3.27177249265e+74,312.956521739,0.897233201581
tomatillo,278,0.334939759036,0.598988266336,-2.54737520113,-1.11894557032,2.11423731169e+76,174.989208633,0.441134457055
tamale,57,0.0686746987952,0.506751422869,-4.49139614013,-1.67329589266,1.64605837117e+75,270.877192982,0.790100250627
kaiser_roll,12,0.0144578313253,0.466669389422,0,-2.30866484018,8.82479341193e+73,314.666666667,1.0
instant_coffee,55,0.066265060241,0.510825491204,-4.12129630664,-1.68842353675,1.53528546046e+75,278.581818182,0.821548821549
teff,4,0.00481927710843,0.36990811432,0,-3.38948240307,6.08243989849e+71,67.75,1.0
breadfruit,1,0.00120481927711,0.370904723519,0,-3.39830202063,5.84031647358e+71,260.0,0.0
string_bean,40,0.0481927710843,0.485029253833,-5.26585431917,-1.80507023324,8.97212010632e+74,290.275,0.878205128205
marmalade,18,0.021686746988,0.487606150695,-7.19896483652,-2.0953578481,2.35677159504e+74,348.388888889,0.986928104575
corn_syrup,89,0.107228915663,0.515930555451,-2.95186906983,-1.60483477556,2.2561776334e+75,188.943820225,0.604187946885
tonic_water,8,0.00963855421687,0.440770981471,-6.06141005584,-2.62021548311,2.10188514116e+73,221.375,0.821428571429
porterhouse_steak,19,0.0228915662651,0.481354789789,0,-2.04116573819,3.02481572536e+74,387.157894737,1.0
Champagne,10,0.0120481927711,0.463787096731,-5.41223837864,-2.49406953026,3.75749611575e+73,240.2,0.822222222222
spiny_lobster,43,0.0518072289157,0.50060898138,-4.96741798082,-1.75573879716,1.12604756171e+75,308.581395349,0.8715393134
Cabernet_Sauvignon,8,0.00963855421687,0.465879762706,-6.42535984397,-2.50485764436,3.57534694339e+73,314.25,0.928571428571
nectarine,22,0.0265060240964,0.473898347262,-5.02068573022,-2.14025018391,1.91663339842e+74,239.954545455,0.818181818182
chicken_liver,61,0.0734939759036,0.50862365719,-4.44943302355,-1.62228242242,2.08195242816e+75,288.442622951,0.827868852459
catfish,30,0.0361445783133,0.487894163779,-5.90715678458,-1.87719126093,6.43650242423e+74,345.066666667,0.937931034483
whiskey_sour,4,0.00481927710843,0.425995265228,0,-2.92116904196,5.25654961081e+72,231.75,1.0
ham_hock,56,0.0674698795181,0.503354551662,-3.86565792359,-1.68478064955,1.56125775128e+75,273.232142857,0.797402597403
ice,35,0.0421686746988,0.476083469324,-4.96936665166,-2.01623314848,3.39294835524e+74,188.685714286,0.761344537815
flounder,10,0.0120481927711,0.459913596479,-5.65569202155,-2.43642270718,4.89990641302e+73,291.1,0.866666666667
truffle,22,0.0265060240964,0.477735580843,-5.32203929329,-2.04073744476,3.03081279233e+74,316.181818182,0.909090909091
lard,282,0.339759036145,0.600294200056,-2.44308933839,-1.12070970796,2.09712971828e+76,172.343971631,0.427323893895
plantain,209,0.251807228916,0.570051635112,-3.04357426534,-1.19532711991,1.48726582646e+76,201.09569378,0.560314685315
demiglace,7,0.00843373493976,0.421431030243,0,-2.74788516182,1.16753126285e+73,179.285714286,1.0
sparkling_water,91,0.109638554217,0.523782383816,-2.95627054643,-1.61643503715,2.13880350628e+75,185.868131868,0.478388278388
pea,223,0.268674698795,0.574013078024,-2.68520629886,-1.18559481059,1.55544127658e+76,190.771300448,0.516543449279
chili_con_carne,589,0.709638554217,0.773412752132,-1.23790283476,-0.979356150109,4.02103074379e+76,107.407470289,0.171950613862
blackberry,95,0.114457831325,0.526453039692,-3.33325834094,-1.5039461778,3.59042067073e+75,238.8,0.653751399776
turkey,187,0.225301204819,0.560763624764,-2.93955342259,-1.22207667618,1.31488548181e+76,215.475935829,0.611753205681
crouton,35,0.0421686746988,0.496695621935,-4.77517200251,-1.86947055443,6.66951369032e+74,292.714285714,0.858823529412
rum,141,0.169879518072,0.542710130931,-2.59442586518,-1.43842882918,4.85495254974e+75,174.730496454,0.474974670719
rib_roast,6,0.00722891566265,0.41717415115,0,-2.69772450393,1.4709240067e+73,227.5,1.0
corn,479,0.577108433735,0.700597811092,-1.62401896868,-1.00638756708,3.55036593846e+76,126.187891441,0.236336160586
rock,50,0.0602409638554,0.508310658017,-5.0564205114,-1.68834619067,1.53582790519e+75,307.64,0.904489795918
snapper,150,0.180722891566,0.547023059124,-2.9536176775,-1.30988419605,8.77550158158e+75,224.68,0.630156599553
rump_roast,10,0.0120481927711,0.459913596479,0,-2.32012935851,8.37087473511e+73,395.5,1.0
dark_chocolate,184,0.221686746988,0.560003267307,-2.35161174045,-1.30268696517,9.07125464402e+75,185.076086957,0.469529579473
pasta,171,0.206024096386,0.5514050863,-3.1081909531,-1.27053866461,1.05187502854e+76,210.415204678,0.596353629171
salmon_trout,5,0.00602409638554,0.437734403432,0,-2.6181610216,2.12181836872e+73,384.0,1.0
raspberry,123,0.148192771084,0.535323926946,-2.64687593678,-1.46345159709,4.32650496947e+75,195.780487805,0.513261362122
paste,230,0.277108433735,0.577625747746,-2.60813520614,-1.18289364104,1.57491036992e+76,187.347826087,0.485323713689
smoked_salmon,39,0.0469879518072,0.499096567539,-5.74310373956,-1.7713633114,1.04786785837e+75,335.794871795,0.950067476383
white_turnip,77,0.0927710843373,0.512728007,-3.9884155444,-1.57149513823,2.63055615856e+75,250.0,0.717361585783
lingonberry,3,0.00361445783133,0.389808786823,0,-2.98966116909,3.83462478131e+72,218.666666667,1.0
plum,49,0.0590361445783,0.507373967615,-4.50689430454,-1.75031608814,1.15452798598e+75,269.918367347,0.776360544218
meal,38,0.0457831325301,0.494613664238,-5.21824130962,-1.80712593413,8.88757519584e+74,307.236842105,0.911806543385
chop,72,0.0867469879518,0.513046471601,-4.17933073619,-1.57432332193,2.59651095738e+75,268.513888889,0.783255086072
strawberry_ice_cream,5,0.00602409638554,0.436116588847,0,-2.77936281983,1.00997562881e+73,263.6,1.0
hindquarter,8,0.00963855421687,0.469054411855,0,-2.3835155572,6.25166427625e+73,456.25,1.0
curry,47,0.0566265060241,0.498795180723,-4.0779454845,-1.8134365166,8.63305963651e+74,238.531914894,0.722479185939
wild_rice,57,0.0686746987952,0.50862365719,-3.86352486186,-1.67541674067,1.63005783581e+75,273.298245614,0.780701754386
Sauvignon_blanc,11,0.0132530120482,0.454098306365,0,-2.43913959584,4.8390255454e+73,245.454545455,1.0
cranberry,115,0.138554216867,0.533594844494,-3.07574584951,-1.46052003497,4.38530131338e+75,213.086956522,0.550419527079
chive,205,0.246987951807,0.567311002251,-2.5918142497,-1.23684079124,1.22845994415e+76,187.073170732,0.481826877092
short_ribs,65,0.078313253012,0.511774980965,-4.06290168608,-1.61091201126,2.19387338379e+75,279.846153846,0.788461538462
tongue,32,0.0385542168675,0.485029253833,-5.96980295689,-1.8580433205,7.02986212197e+74,327.96875,0.963709677419
whole_wheat_bread,20,0.0240963855422,0.477459433108,-5.14809533517,-2.04708579292,2.94346834803e+74,360.2,0.926315789474
octopus,56,0.0674698795181,0.507998043836,-4.73464532193,-1.67818601258,1.6094018457e+75,275.875,0.823376623377
cherrystone_clam,7,0.00843373493976,0.456356253744,0,-2.54553488483,2.96457129375e+73,337.0,1.0
Demerara_rum,6,0.00722891566265,0.402732725147,0,-2.78041323652,1.00512033025e+73,188.833333333,1.0
citron,69,0.0831325301205,0.515930555451,-4.07396484548,-1.60392671566,2.26560245554e+75,264.985507246,0.787297527707
green_pepper,227,0.273493975904,0.576416482399,-2.85694056342,-1.1764572021,1.6222912707e+76,192.105726872,0.514872714514
tenderloin,11,0.0132530120482,0.469320920044,-6.15740855699,-2.35020372581,7.28827345014e+73,327.454545455,0.890909090909
papaya_juice,2,0.00240963855422,0.357732706486,0,-3.42998798387,5.04744882463e+71,121.5,1.0
loin,41,0.0493975903614,0.499096567539,-5.44540024983,-1.78915708573,9.65433114256e+74,292.146341463,0.898780487805
Swiss_cheese,32,0.0385542168675,0.487894163779,-4.1779570952,-1.93331048625,4.97065507064e+74,278.375,0.754032258065
white_bread,148,0.178313253012,0.54593841327,-2.94922472705,-1.30286962632,9.06360074762e+75,230.945945946,0.6648280934
maize,2,0.00240963855422,0.437502552583,0,-2.98321472461,3.95002033084e+72,460.0,1.0
parsnip,41,0.0493975903614,0.495801212051,-5.12300025665,-1.77221629813,1.0437613533e+75,315.975609756,0.887804878049
macaroni,36,0.0433734939759,0.493137205539,-5.43761367553,-1.84260991151,7.54769898094e+74,305.277777778,0.892063492063
sea_bass,89,0.107228915663,0.522126940125,-4.24228181638,-1.48958575265,3.83589411582e+75,258.865168539,0.767109295199
dried_fruit,14,0.0168674698795,0.467991399024,-5.6346677826,-2.31676806454,8.50163838805e+73,252.0,0.813186813187
gin,39,0.0469879518072,0.500002917238,-4.16069577132,-1.88532300693,6.19998821959e+74,249.179487179,0.713900134953
hen,27,0.0325301204819,0.494910017542,-4.38976560294,-2.02528967993,3.2542941913e+74,266.925925926,0.740740740741
vanilla_extract,171,0.206024096386,0.555857886458,-2.53778133446,-1.36588587071,6.78063754189e+75,170.69005848,0.442449260406
fish,143,0.172289156627,0.542710130931,-3.46788573341,-1.32303412566,8.25984656175e+75,227.608391608,0.662365803211
water_biscuit,7,0.00843373493976,0.413002409639,0,-2.65493251987,1.79133593852e+73,213.0,1.0
medium,77,0.0927710843373,0.518521543802,-4.10557978277,-1.54906454386,2.91681089019e+75,265.467532468,0.764183185236
chili_sauce,16,0.0192771084337,0.480514729073,-6.70837219998,-2.15516086764,1.78941015121e+74,354.25,0.966666666667
shank,12,0.0144578313253,0.4553499555,0,-2.33395079636,7.85472658471e+73,300.25,1.0
veal_roast,14,0.0168674698795,0.467726398232,0,-2.18552468313,1.55589862129e+74,375.214285714,1.0
light_cream,76,0.0915662650602,0.518521543802,-4.25677867169,-1.55586805238,2.82684156199e+75,263.960526316,0.768070175439
demerara_sugar,101,0.121686746988,0.527798606567,-3.80948959992,-1.4589754008,4.41660159932e+75,241.851485149,0.701782178218
milk,334,0.402409638554,0.624814538031,-1.75193444372,-1.09503105019,2.36038459732e+76,154.164670659,0.343043642445
fava_bean,66,0.0795180722892,0.512092262416,-4.63006585291,-1.59163587166,2.39753376598e+75,282.924242424,0.844755244755
artichoke_heart,70,0.0843373493976,0.507685813938,-3.89746069088,-1.61452202709,2.157715882e+75,245.628571429,0.734989648033
bamboo_shoot,12,0.0144578313253,0.469320920044,0,-2.23261133801,1.25258338794e+74,402.833333333,1.0
cream_cheese,234,0.281927710843,0.580467195557,-2.42723203049,-1.19295757245,1.50358438537e+76,181.106837607,0.453651736914
spice,7,0.00843373493976,0.47254280279,0,-2.43963595763,4.82786394835e+73,458.857142857,1.0
apricot,89,0.107228915663,0.521467688938,-2.51832475742,-1.53569476432,3.10205398158e+75,232.606741573,0.663942798774
tripe,29,0.0349397590361,0.486744148071,-5.51462063389,-1.92059854941,5.2703100268e+74,322.551724138,0.911330049261
blueberry,41,0.0493975903614,0.497893200288,-3.41435271708,-1.87871130251,6.39169523203e+74,235.585365854,0.713414634146
strawberry,116,0.139759036145,0.533250367513,-2.64661568911,-1.51638505176,3.39055423169e+75,183.448275862,0.486506746627
bouillon,72,0.0867469879518,0.514324295938,-4.14127290971,-1.58026238375,2.52646235236e+75,261.5,0.773082942097
smoked_mackerel,13,0.0156626506024,0.476358027265,0,-2.21177054637,1.37876408065e+74,383.846153846,1.0
cornmeal,185,0.222891566265,0.560003267307,-2.92301732548,-1.24862741222,1.16355558131e+76,204.6,0.555287896592
garbanzo,136,0.163855421687,0.538815929078,-3.46098990101,-1.34194827145,7.57082878121e+75,229.588235294,0.667864923747
lobster,81,0.0975903614458,0.519499886338,-4.41467904073,-1.51694215661,3.38183907162e+75,270.62962963,0.804938271605
black_mustard,13,0.0156626506024,0.4553499555,0,-2.4170543567,5.3570445962e+73,234.923076923,1.0
beef_neck,43,0.0518072289157,0.496397126969,-4.93469857288,-1.73054334349,1.26458069809e+75,330.23255814,0.923588039867
Brie,4,0.00481927710843,0.398843466575,0,-2.9792956136,4.02210918192e+72,170.25,1.0
duckling,36,0.0433734939759,0.491084910391,-4.2768642342,-1.82594483936,8.14976158553e+74,311.416666667,0.879365079365
anchovy_paste,23,0.0277108433735,0.483326400981,-6.63899737536,-1.99935590961,3.66709138743e+74,334.565217391,0.97233201581
plum_sauce,11,0.0132530120482,0.463007185693,0,-2.40824774416,5.57880379992e+73,264.090909091,1.0
orange_marmalade,16,0.0192771084337,0.464831074438,-5.90453791833,-2.2128439496,1.37198590479e+74,280.875,0.85
salad_oil,68,0.0819277108434,0.514644747213,-4.32191618729,-1.57409299578,2.5992602155e+75,289.411764706,0.830114135206
corned_beef,28,0.033734939759,0.486744148071,-4.5303129256,-2.00580956014,3.55973022728e+74,262.357142857,0.761904761905
penne,23,0.0277108433735,0.476083469324,-5.73871535861,-2.10464011828,2.25818614369e+74,237.52173913,0.865612648221
pitahaya,2,0.00240963855422,0.444327498266,0,-2.97816096733,4.04301069644e+72,474.5,1.0
graham,11,0.0132530120482,0.452357513295,0,-2.41958673891,5.29498162917e+73,257.909090909,1.0
mole,6,0.00722891566265,0.434510688731,0,-2.65663469673,1.77731856148e+73,276.5,1.0
cream,256,0.30843373494,0.589161782651,-2.19881984998,-1.16737847595,1.69155528451e+76,175.02734375,0.425
angelica,8,0.00963855421687,0.464831074438,0,-2.55862811066,2.79109660755e+73,293.0,1.0
baguette,89,0.107228915663,0.520154168311,-3.07552616245,-1.50881984606,3.51073748985e+75,247.943820225,0.701736465781
lemon,334,0.402409638554,0.623870709424,-1.82109594141,-1.09502631125,2.36043785905e+76,153.658682635,0.340256424089
mushroom,249,0.3,0.58498924878,-2.47105777115,-1.16018905355,1.74849934251e+76,180.678714859,0.462786630393
peach,143,0.172289156627,0.545577819866,-3.20679090059,-1.34231191401,7.55816218406e+75,220.608391608,0.614892150103
grouper,39,0.0469879518072,0.491962370028,-4.97159547983,-1.81871860427,8.425521065e+74,298.358974359,0.858299595142
hot_dog,25,0.0301204819277,0.480794423328,-6.07036851268,-1.97350535709,4.13068965475e+74,328.72,0.963333333333
saffron,148,0.178313253012,0.545577819866,-3.37947607459,-1.31222002565,8.68162029625e+75,224.114864865,0.646993932708
condensed_milk,114,0.13734939759,0.531192809825,-2.75418689809,-1.51910735807,3.34831630014e+75,184.622807018,0.518087253532
pinto_bean,135,0.16265060241,0.538815929078,-3.42431626997,-1.35054407783,7.2769957327e+75,226.177777778,0.657490326147
oat,24,0.0289156626506,0.482479450512,-4.90717718119,-2.10114414601,2.29482709854e+74,241.75,0.713768115942
chocolate_syrup,22,0.0265060240964,0.451862592602,-3.8930128843,-2.25132173298,1.1492073822e+74,181.5,0.766233766234
mayonnaise,239,0.287951807229,0.580467195557,-2.38460575055,-1.18154188899,1.58474527942e+76,180.443514644,0.457719489469
whey,12,0.0144578313253,0.470926350785,-7.19403285885,-2.27329242673,1.03859830643e+74,351.583333333,0.969696969697
vermouth,1,0.00120481927711,0.314908432816,0,-4.58944294039,2.42193303417e+69,18.0,0.0
roll,124,0.149397590361,0.536366765764,-3.0984760497,-1.37689393754,6.44542578402e+75,234.475806452,0.675714660372
brown_sugar,183,0.220481927711,0.560003267307,-2.84988481603,-1.26237920704,1.09215140285e+76,202.765027322,0.543805920855
ham,190,0.228915662651,0.560003267307,-2.99858535076,-1.22721919487,1.28411409487e+76,206.963157895,0.58440545809
cranberry_juice,23,0.0277108433735,0.485029253833,-4.88239834784,-2.14724555321,1.85585894649e+74,240.086956522,0.715415019763
salt_pork,27,0.0325301204819,0.471194991031,-5.2083908828,-2.01001804408,3.49141237543e+74,259.62962963,0.777777777778
pear,191,0.230120481928,0.562673582614,-2.82791093433,-1.23442165692,1.24221981727e+76,204.979057592,0.558115183246
dill_seed,17,0.0204819277108,0.466142674536,-6.09361214595,-2.17588353354,1.62655084159e+74,294.411764706,0.904411764706
Italian_bread,60,0.0722891566265,0.505820464958,-3.87028753393,-1.66169055198,1.73642203216e+75,266.05,0.749717514124
brandy,140,0.168674698795,0.543424223209,-2.90505259199,-1.36877597111,6.69096609688e+75,210.378571429,0.570298047276
mamey,17,0.0204819277108,0.457620398491,-6.35446833053,-2.19945504526,1.45924734512e+74,269.176470588,0.941176470588
green_tea,5,0.00602409638554,0.390730756517,0,-2.99320871847,3.77248860747e+72,136.6,1.0
salt_cod,72,0.0867469879518,0.511774980965,-4.40345763314,-1.56789082011,2.67457980794e+75,269.916666667,0.818857589984
bowtie_pasta,22,0.0265060240964,0.48645749074,-5.92719542518,-2.00656601166,3.54731791278e+74,354.227272727,0.948051948052
okra,35,0.0421686746988,0.490793119,-5.38928686183,-1.84426986047,7.49022235939e+74,309.285714286,0.910924369748
wonton,21,0.0253012048193,0.465354827762,-5.31487899446,-2.14973688771,1.83469730518e+74,240.142857143,0.752380952381
sardine,47,0.0566265060241,0.502436021458,-5.50669375846,-1.70311972422,1.43481239587e+75,315.872340426,0.931544865865
wafer,18,0.021686746988,0.472272623943,-7.06569351564,-2.15687543163,1.77536676806e+74,280.666666667,0.980392156863
potato,349,0.420481927711,0.630538029983,-2.10248075746,-1.07574002494,2.57968261823e+76,151.068767908,0.33692322893
coconut_water,137,0.165060240964,0.541287561781,-3.22554290717,-1.37290517654,6.56493001929e+75,214.01459854,0.585229712323
lemon_extract,21,0.0253012048193,0.478565943961,-4.89701170998,-2.11062547634,2.19677878663e+74,271.952380952,0.852380952381
Virginia_ham,9,0.010843373494,0.453101930487,0,-2.41842542241,5.32328188196e+73,349.0,1.0
buffalo,40,0.0481927710843,0.491377048945,-4.68491034645,-1.84356382151,7.51463545254e+74,268.85,0.784615384615
apple_jelly,10,0.0120481927711,0.447699089039,-6.04496261574,-2.45772212992,4.44215255254e+73,262.4,0.911111111111
